addr,pwrite,data,psel,penable,pready,label,prediction
40,0,9626,1,1,1,0,LEGAL
194,1,6670,1,1,1,0,LEGAL
196,0,48844,1,1,1,0,LEGAL
54,0,44597,1,1,1,0,LEGAL
40,0,52493,1,1,1,0,LEGAL
96,1,37633,1,1,1,0,LEGAL
223,0,56816,1,1,1,0,LEGAL
32,1,56228,1,1,1,0,LEGAL
20,0,51937,1,1,1,0,LEGAL
188,0,36844,1,1,1,0,LEGAL
143,0,27215,1,1,1,0,LEGAL
180,1,33822,1,1,1,0,LEGAL
253,1,3616,1,1,1,0,LEGAL
39,0,25066,1,1,1,0,LEGAL
235,1,3427,1,1,1,0,LEGAL
106,0,24387,1,1,1,0,LEGAL
112,0,9062,1,1,1,0,LEGAL
18,1,58110,1,1,1,0,LEGAL
21,1,59428,1,1,1,0,LEGAL
51,1,23782,1,1,1,0,LEGAL
69,1,43465,1,1,1,0,LEGAL
111,1,42006,1,1,1,0,LEGAL
59,0,39884,1,1,1,0,LEGAL
29,0,24099,1,1,1,0,LEGAL
58,0,48566,1,1,1,0,LEGAL
61,0,63815,1,1,1,0,LEGAL
64,0,19480,1,1,1,0,LEGAL
73,1,31837,1,1,1,0,LEGAL
157,0,2350,1,1,1,0,LEGAL
158,0,58691,1,1,1,0,LEGAL
31,1,17937,1,1,1,0,LEGAL
233,0,59306,1,1,1,0,LEGAL
142,0,3436,1,1,1,0,LEGAL
162,0,48027,1,1,1,0,LEGAL
227,1,37310,1,1,1,0,LEGAL
67,0,4861,1,1,1,0,LEGAL
84,0,15112,1,1,1,0,LEGAL
44,0,17866,1,1,1,0,LEGAL
208,1,20667,1,1,1,0,LEGAL
194,1,57189,1,1,1,0,LEGAL
243,1,64990,1,1,1,0,LEGAL
48,1,46521,1,1,1,0,LEGAL
47,1,9630,1,1,1,0,LEGAL
38,1,47369,1,1,1,0,LEGAL
207,0,31629,1,1,1,0,LEGAL
38,1,33880,1,1,1,0,LEGAL
43,0,9056,1,1,1,0,LEGAL
133,1,28438,1,1,1,0,LEGAL
232,1,30871,1,1,1,0,LEGAL
162,1,57049,1,1,1,0,LEGAL
191,0,40786,1,1,1,0,LEGAL
17,0,28605,1,1,1,0,LEGAL
124,1,46939,1,1,1,0,LEGAL
200,1,21207,1,1,1,0,LEGAL
9,0,21227,1,1,1,0,LEGAL
92,1,62728,1,1,1,0,LEGAL
246,1,50964,1,1,1,0,LEGAL
130,1,29164,1,1,1,0,LEGAL
161,0,28067,1,1,1,0,LEGAL
131,0,22373,1,1,1,0,LEGAL
64,0,40439,1,1,1,0,LEGAL
195,0,5648,1,1,1,0,LEGAL
81,0,10367,1,1,1,0,LEGAL
41,1,40484,1,1,1,0,LEGAL
113,1,64766,1,1,1,0,LEGAL
164,0,50711,1,1,1,0,LEGAL
165,1,25224,1,1,1,0,LEGAL
228,0,10175,1,1,1,0,LEGAL
120,0,42599,1,1,1,0,LEGAL
227,1,56384,1,1,1,0,LEGAL
184,0,44312,1,1,1,0,LEGAL
118,1,12971,1,1,1,0,LEGAL
188,0,58403,1,1,1,0,LEGAL
244,1,4452,1,1,1,0,LEGAL
13,1,29173,1,1,1,0,LEGAL
0,1,24069,1,1,1,0,LEGAL
177,0,2363,1,1,1,0,LEGAL
147,0,59850,1,1,1,0,LEGAL
142,0,39250,1,1,1,0,LEGAL
137,1,21968,1,1,1,0,LEGAL
188,0,45918,1,1,1,0,LEGAL
232,0,28229,1,1,1,0,LEGAL
230,0,35009,1,1,1,0,LEGAL
239,1,11686,1,1,1,0,LEGAL
245,1,26406,1,1,1,0,LEGAL
223,0,61757,1,1,1,0,LEGAL
18,1,38583,1,1,1,0,LEGAL
173,0,8417,1,1,1,0,LEGAL
207,0,48872,1,1,1,0,LEGAL
162,0,34175,1,1,1,0,LEGAL
95,1,55331,1,1,1,0,LEGAL
126,0,13021,1,1,1,0,LEGAL
146,0,32349,1,1,1,0,LEGAL
156,1,9919,1,1,1,0,LEGAL
186,0,61507,1,1,1,0,LEGAL
141,0,57806,1,1,1,0,LEGAL
111,1,5323,1,1,1,0,LEGAL
238,0,2712,1,1,1,0,LEGAL
13,1,5885,1,1,1,0,LEGAL
32,0,20624,1,1,1,0,LEGAL
225,0,30146,1,1,1,0,LEGAL
90,0,1128,1,1,1,0,LEGAL
17,0,46491,1,1,1,0,LEGAL
204,1,1794,1,1,1,0,LEGAL
140,0,7516,1,1,1,0,LEGAL
92,1,51508,1,1,1,0,LEGAL
1,1,41033,1,1,1,0,LEGAL
136,0,38528,1,1,1,0,LEGAL
148,1,5864,1,1,1,0,LEGAL
16,1,64841,1,1,1,0,LEGAL
58,0,38815,1,1,1,0,LEGAL
74,1,50097,1,1,1,0,LEGAL
15,1,65266,1,1,1,0,LEGAL
46,1,40242,1,1,1,0,LEGAL
67,1,57119,1,1,1,0,LEGAL
253,0,31429,1,1,1,0,LEGAL
31,0,8414,1,1,1,0,LEGAL
175,0,64769,1,1,1,0,LEGAL
216,1,15771,1,1,1,0,LEGAL
41,0,63541,1,1,1,0,LEGAL
57,0,6289,1,1,1,0,LEGAL
234,0,2730,1,1,1,0,LEGAL
173,0,15651,1,1,1,0,LEGAL
193,0,64768,1,1,1,0,LEGAL
201,0,8609,1,1,1,0,LEGAL
66,0,22627,1,1,1,0,LEGAL
246,0,10577,1,1,1,0,LEGAL
180,1,64921,1,1,1,0,LEGAL
134,0,29479,1,1,1,0,LEGAL
132,0,49748,1,1,1,0,LEGAL
33,1,1447,1,1,1,0,LEGAL
163,1,44231,1,1,1,0,LEGAL
92,1,2423,1,1,1,0,LEGAL
248,1,13051,1,1,1,0,LEGAL
161,0,13845,1,1,1,0,LEGAL
144,1,29078,1,1,1,0,LEGAL
33,1,34481,1,1,1,0,LEGAL
134,0,21528,1,1,1,0,LEGAL
230,0,37403,1,1,1,0,LEGAL
209,1,29377,1,1,1,0,LEGAL
99,0,22325,1,1,1,0,LEGAL
31,0,30248,1,1,1,0,LEGAL
82,1,34839,1,1,1,0,LEGAL
101,1,36285,1,1,1,0,LEGAL
219,1,5591,1,1,1,0,LEGAL
156,1,1693,1,1,1,0,LEGAL
27,1,55796,1,1,1,0,LEGAL
7,0,55100,1,1,1,0,LEGAL
53,0,55697,1,1,1,0,LEGAL
186,0,22846,1,1,1,0,LEGAL
97,1,13193,1,1,1,0,LEGAL
61,0,37543,1,1,1,0,LEGAL
209,0,28225,1,1,1,0,LEGAL
237,0,58122,1,1,1,0,LEGAL
86,1,44404,1,1,1,0,LEGAL
16,1,2692,1,1,1,0,LEGAL
130,0,62014,1,1,1,0,LEGAL
165,0,54642,1,1,1,0,LEGAL
81,0,47491,1,1,1,0,LEGAL
182,0,25065,1,1,1,0,LEGAL
113,0,45398,1,1,1,0,LEGAL
131,1,33315,1,1,1,0,LEGAL
101,0,14556,1,1,1,0,LEGAL
228,1,2090,1,1,1,0,LEGAL
172,0,51189,1,1,1,0,LEGAL
127,0,52761,1,1,1,0,LEGAL
193,1,62318,1,1,1,0,LEGAL
83,1,56568,1,1,1,0,LEGAL
254,0,3075,1,1,1,0,LEGAL
154,0,28411,1,1,1,0,LEGAL
174,0,26455,1,1,1,0,LEGAL
60,0,36755,1,1,1,0,LEGAL
26,1,4843,1,1,1,0,LEGAL
32,1,40604,1,1,1,0,LEGAL
174,1,36700,1,1,1,0,LEGAL
242,1,33807,1,1,1,0,LEGAL
104,1,38811,1,1,1,0,LEGAL
222,0,40293,1,1,1,0,LEGAL
77,1,18293,1,1,1,0,LEGAL
6,0,32057,1,1,1,0,LEGAL
107,0,11865,1,1,1,0,LEGAL
23,1,23739,1,1,1,0,LEGAL
51,0,58759,1,1,1,0,LEGAL
206,1,58925,1,1,1,0,LEGAL
124,0,27999,1,1,1,0,LEGAL
10,1,36461,1,1,1,0,LEGAL
104,1,36238,1,1,1,0,LEGAL
120,1,6648,1,1,1,0,LEGAL
62,1,1217,1,1,1,0,LEGAL
249,0,13887,1,1,1,0,LEGAL
2,1,31577,1,1,1,0,LEGAL
115,0,9813,1,1,1,0,LEGAL
160,1,16839,1,1,1,0,LEGAL
136,1,61865,1,1,1,0,LEGAL
233,1,32069,1,1,1,0,LEGAL
23,0,16352,1,1,1,0,LEGAL
111,0,57874,1,1,1,0,LEGAL
172,0,14517,1,1,1,0,LEGAL
225,1,26267,1,1,1,0,LEGAL
226,1,39665,1,1,1,0,LEGAL
13,0,15266,1,1,1,0,LEGAL
110,1,51100,1,1,1,0,LEGAL
54,0,46375,1,1,1,0,LEGAL
82,0,24659,1,1,1,0,LEGAL
187,0,42441,1,1,1,0,LEGAL
156,0,63394,1,1,1,0,LEGAL
39,0,25969,1,1,1,0,LEGAL
208,1,58438,1,1,1,0,LEGAL
179,0,44098,1,1,1,0,LEGAL
6,1,5778,1,1,1,0,LEGAL
126,0,62674,1,1,1,0,LEGAL
53,1,1317,1,1,1,0,LEGAL
123,1,38920,1,1,1,0,LEGAL
103,1,16430,1,1,1,0,LEGAL
153,1,23110,1,1,1,0,LEGAL
180,1,34648,1,1,1,0,LEGAL
81,0,19776,1,1,1,0,LEGAL
131,1,30585,1,1,1,0,LEGAL
80,1,62421,1,1,1,0,LEGAL
161,0,2731,1,1,1,0,LEGAL
161,1,38269,1,1,1,0,LEGAL
111,1,45097,1,1,1,0,LEGAL
195,0,24294,1,1,1,0,LEGAL
148,1,7159,1,1,1,0,LEGAL
99,0,1774,1,1,1,0,LEGAL
211,1,50389,1,1,1,0,LEGAL
210,0,36486,1,1,1,0,LEGAL
40,1,52517,1,1,1,0,LEGAL
125,0,53766,1,1,1,0,LEGAL
214,0,17048,1,1,1,0,LEGAL
40,0,33458,1,1,1,0,LEGAL
171,1,6560,1,1,1,0,LEGAL
71,0,55112,1,1,1,0,LEGAL
50,0,61849,1,1,1,0,LEGAL
16,0,6730,1,1,1,0,LEGAL
58,1,34363,1,1,1,0,LEGAL
49,0,55852,1,1,1,0,LEGAL
240,1,51960,1,1,1,0,LEGAL
61,0,10963,1,1,1,0,LEGAL
224,1,40515,1,1,1,0,LEGAL
64,1,733,1,1,1,0,LEGAL
169,1,15516,1,1,1,0,LEGAL
21,1,51533,1,1,1,0,LEGAL
223,0,3257,1,1,1,0,LEGAL
228,1,10502,1,1,1,0,LEGAL
250,1,6815,1,1,1,0,LEGAL
231,0,3591,1,1,1,0,LEGAL
25,1,12053,1,1,1,0,LEGAL
64,1,52011,1,1,1,0,LEGAL
72,1,1481,1,1,1,0,LEGAL
120,1,43471,1,1,1,0,LEGAL
45,1,4605,1,1,1,0,LEGAL
242,1,63546,1,1,1,0,LEGAL
165,1,5091,1,1,1,0,LEGAL
35,1,34296,1,1,1,0,LEGAL
40,0,24572,1,1,1,0,LEGAL
55,1,33131,1,1,1,0,LEGAL
82,1,20897,1,1,1,0,LEGAL
160,0,64880,1,1,1,0,LEGAL
251,0,10842,1,1,1,0,LEGAL
207,1,21317,1,1,1,0,LEGAL
7,1,54791,1,1,1,0,LEGAL
143,1,57268,1,1,1,0,LEGAL
230,1,55498,1,1,1,0,LEGAL
156,0,25404,1,1,1,0,LEGAL
45,0,577,1,1,1,0,LEGAL
125,1,11730,1,1,1,0,LEGAL
189,0,1025,1,1,1,0,LEGAL
188,1,11381,1,1,1,0,LEGAL
105,1,25930,1,1,1,0,LEGAL
213,0,19598,1,1,1,0,LEGAL
86,0,17678,1,1,1,0,LEGAL
114,1,31254,1,1,1,0,LEGAL
14,1,10183,1,1,1,0,LEGAL
112,1,49190,1,1,1,0,LEGAL
177,1,10762,1,1,1,0,LEGAL
162,0,33802,1,1,1,0,LEGAL
29,0,19089,1,1,1,0,LEGAL
234,0,522,1,1,1,0,LEGAL
114,0,36372,1,1,1,0,LEGAL
217,0,16033,1,1,1,0,LEGAL
34,1,58478,1,1,1,0,LEGAL
149,0,58204,1,1,1,0,LEGAL
59,1,1165,1,1,1,0,LEGAL
224,0,39663,1,1,1,0,LEGAL
25,1,30025,1,1,1,0,LEGAL
38,1,37438,1,1,1,0,LEGAL
189,1,24343,1,1,1,0,LEGAL
85,0,17902,1,1,1,0,LEGAL
73,0,58089,1,1,1,0,LEGAL
166,0,64081,1,1,1,0,LEGAL
85,1,40520,1,1,1,0,LEGAL
84,1,37876,1,1,1,0,LEGAL
44,1,62585,1,1,1,0,LEGAL
231,1,3285,1,1,1,0,LEGAL
56,0,54597,1,1,1,0,LEGAL
131,1,16785,1,1,1,0,LEGAL
234,1,20752,1,1,1,0,LEGAL
165,1,31767,1,1,1,0,LEGAL
95,1,52880,1,1,1,0,LEGAL
141,1,11941,1,1,1,0,LEGAL
56,0,20300,1,1,1,0,LEGAL
61,0,42318,1,1,1,0,LEGAL
29,0,36308,1,1,1,0,LEGAL
222,0,50504,1,1,1,0,LEGAL
179,0,14187,1,1,1,0,LEGAL
209,1,3117,1,1,1,0,LEGAL
144,0,21792,1,1,1,0,LEGAL
228,1,49288,1,1,1,0,LEGAL
215,0,1648,1,1,1,0,LEGAL
116,0,25316,1,1,1,0,LEGAL
139,1,54311,1,1,1,0,LEGAL
152,0,1880,1,1,1,0,LEGAL
16,0,36894,1,1,1,0,LEGAL
252,0,42778,1,1,1,0,LEGAL
213,1,51755,1,1,1,0,LEGAL
67,0,58156,1,1,1,0,LEGAL
21,1,28396,1,1,1,0,LEGAL
200,1,19095,1,1,1,0,LEGAL
231,1,25061,1,1,1,0,LEGAL
45,0,13966,1,1,1,0,LEGAL
124,1,28638,1,1,1,0,LEGAL
53,1,7627,1,1,1,0,LEGAL
196,1,32940,1,1,1,0,LEGAL
16,0,43012,1,1,1,0,LEGAL
98,0,47260,1,1,1,0,LEGAL
212,0,20233,1,1,1,0,LEGAL
159,0,60497,1,1,1,0,LEGAL
6,1,18857,1,1,1,0,LEGAL
94,0,17919,1,1,1,0,LEGAL
5,1,55944,1,1,1,0,LEGAL
60,0,14480,1,1,1,0,LEGAL
119,0,19416,1,1,1,0,LEGAL
183,0,22442,1,1,1,0,LEGAL
3,1,33542,1,1,1,0,LEGAL
217,1,46269,1,1,1,0,LEGAL
11,1,10228,1,1,1,0,LEGAL
91,0,10125,1,1,1,0,LEGAL
164,1,34657,1,1,1,0,LEGAL
125,1,29082,1,1,1,0,LEGAL
152,0,21150,1,1,1,0,LEGAL
217,1,12681,1,1,1,0,LEGAL
167,0,37330,1,1,1,0,LEGAL
49,1,9385,1,1,1,0,LEGAL
46,0,32336,1,1,1,0,LEGAL
118,0,50618,1,1,1,0,LEGAL
195,0,60744,1,1,1,0,LEGAL
143,0,2718,1,1,1,0,LEGAL
201,1,43483,1,1,1,0,LEGAL
114,0,31866,1,1,1,0,LEGAL
59,1,4940,1,1,1,0,LEGAL
90,1,6223,1,1,1,0,LEGAL
237,0,42908,1,1,1,0,LEGAL
49,1,46393,1,1,1,0,LEGAL
110,0,1280,1,1,1,0,LEGAL
82,1,53720,1,1,1,0,LEGAL
1,0,52035,1,1,1,0,LEGAL
201,1,1370,1,1,1,0,LEGAL
89,1,42414,1,1,1,0,LEGAL
148,1,11441,1,1,1,0,LEGAL
58,0,35382,1,1,1,0,LEGAL
250,0,20502,1,1,1,0,LEGAL
49,1,12782,1,1,1,0,LEGAL
79,0,7833,1,1,1,0,LEGAL
18,1,60407,1,1,1,0,LEGAL
181,0,6109,1,1,1,0,LEGAL
169,0,15321,1,1,1,0,LEGAL
219,1,13481,1,1,1,0,LEGAL
218,0,3568,1,1,1,0,LEGAL
237,1,37965,1,1,1,0,LEGAL
211,0,4824,1,1,1,0,LEGAL
105,0,44141,1,1,1,0,LEGAL
7,1,6110,1,1,1,0,LEGAL
232,1,7553,1,1,1,0,LEGAL
189,0,45039,1,1,1,0,LEGAL
167,1,40454,1,1,1,0,LEGAL
120,0,14824,1,1,1,0,LEGAL
102,1,58573,1,1,1,0,LEGAL
18,1,59616,1,1,1,0,LEGAL
55,1,60565,1,1,1,0,LEGAL
59,1,32217,1,1,1,0,LEGAL
240,1,19382,1,1,1,0,LEGAL
209,0,5016,1,1,1,0,LEGAL
105,1,52205,1,1,1,0,LEGAL
58,0,56051,1,1,1,0,LEGAL
158,1,32831,1,1,1,0,LEGAL
125,1,45544,1,1,1,0,LEGAL
63,0,3794,1,1,1,0,LEGAL
251,1,26839,1,1,1,0,LEGAL
162,0,61274,1,1,1,0,LEGAL
167,1,35483,1,1,1,0,LEGAL
133,0,11037,1,1,1,0,LEGAL
99,0,13126,1,1,1,0,LEGAL
28,1,445,1,1,1,0,LEGAL
23,1,50209,1,1,1,0,LEGAL
0,1,60431,1,1,1,0,LEGAL
11,0,21408,1,1,1,0,LEGAL
195,1,47500,1,1,1,0,LEGAL
117,1,48240,1,1,1,0,LEGAL
130,1,2592,1,1,1,0,LEGAL
252,0,21319,1,1,1,0,LEGAL
251,1,22097,1,1,1,0,LEGAL
63,0,57285,1,1,1,0,LEGAL
28,1,112,1,1,1,0,LEGAL
154,0,53192,1,1,1,0,LEGAL
47,0,30743,1,1,1,0,LEGAL
69,1,48331,1,1,1,0,LEGAL
241,1,45439,1,1,1,0,LEGAL
80,0,48228,1,1,1,0,LEGAL
184,0,42426,1,1,1,0,LEGAL
220,0,49238,1,1,1,0,LEGAL
79,1,47080,1,1,1,0,LEGAL
243,0,10554,1,1,1,0,LEGAL
125,0,26480,1,1,1,0,LEGAL
43,0,45874,1,1,1,0,LEGAL
28,0,18216,1,1,1,0,LEGAL
206,0,5355,1,1,1,0,LEGAL
24,1,1461,1,1,1,0,LEGAL
151,0,35488,1,1,1,0,LEGAL
78,1,39961,1,1,1,0,LEGAL
195,0,27817,1,1,1,0,LEGAL
120,0,28079,1,1,1,0,LEGAL
195,1,12574,1,1,1,0,LEGAL
5,0,47601,1,1,1,0,LEGAL
23,0,53527,1,1,1,0,LEGAL
107,1,33637,1,1,1,0,LEGAL
72,0,44511,1,1,1,0,LEGAL
184,1,6938,1,1,1,0,LEGAL
152,0,13458,1,1,1,0,LEGAL
118,0,50550,1,1,1,0,LEGAL
195,1,26861,1,1,1,0,LEGAL
66,1,56954,1,1,1,0,LEGAL
21,1,47954,1,1,1,0,LEGAL
161,1,21986,1,1,1,0,LEGAL
171,0,52280,1,1,1,0,LEGAL
155,1,16729,1,1,1,0,LEGAL
85,0,46164,1,1,1,0,LEGAL
33,0,44627,1,1,1,0,LEGAL
90,1,19486,1,1,1,0,LEGAL
229,0,33405,1,1,1,0,LEGAL
129,0,23278,1,1,1,0,LEGAL
200,0,31114,1,1,1,0,LEGAL
188,0,33599,1,1,1,0,LEGAL
168,1,14269,1,1,1,0,LEGAL
56,1,50159,1,1,1,0,LEGAL
54,0,52140,1,1,1,0,LEGAL
71,0,39299,1,1,1,0,LEGAL
220,0,26737,1,1,1,0,LEGAL
107,1,41075,1,1,1,0,LEGAL
70,0,52417,1,1,1,0,LEGAL
100,0,30244,1,1,1,0,LEGAL
241,1,15463,1,1,1,0,LEGAL
232,0,3122,1,1,1,0,LEGAL
251,0,54218,1,1,1,0,LEGAL
248,1,12230,1,1,1,0,LEGAL
49,1,57384,1,1,1,0,LEGAL
217,1,47912,1,1,1,0,LEGAL
234,1,156,1,1,1,0,LEGAL
116,1,47453,1,1,1,0,LEGAL
211,0,15713,1,1,1,0,LEGAL
215,1,9835,1,1,1,0,LEGAL
73,0,35024,1,1,1,0,LEGAL
71,1,54811,1,1,1,0,LEGAL
35,0,42240,1,1,1,0,LEGAL
85,0,48855,1,1,1,0,LEGAL
47,1,34642,1,1,1,0,LEGAL
87,0,349,1,1,1,0,LEGAL
85,0,24183,1,1,1,0,LEGAL
216,0,25582,1,1,1,0,LEGAL
255,1,30747,1,1,1,0,LEGAL
244,0,7041,1,1,1,0,LEGAL
113,0,40477,1,1,1,0,LEGAL
5,1,8255,1,1,1,0,LEGAL
37,1,46722,1,1,1,0,LEGAL
54,0,43367,1,1,1,0,LEGAL
186,0,58445,1,1,1,0,LEGAL
49,1,23397,1,1,1,0,LEGAL
15,0,7966,1,1,1,0,LEGAL
160,1,51069,1,1,1,0,LEGAL
148,1,25365,1,1,1,0,LEGAL
26,0,787,1,1,1,0,LEGAL
209,1,26581,1,1,1,0,LEGAL
243,1,29507,1,1,1,0,LEGAL
90,1,4723,1,1,1,0,LEGAL
37,0,7150,1,1,1,0,LEGAL
132,1,1259,1,1,1,0,LEGAL
122,1,36193,1,1,1,0,LEGAL
86,0,58732,1,1,1,0,LEGAL
177,1,59269,1,1,1,0,LEGAL
230,0,27070,1,1,1,0,LEGAL
129,0,44978,1,1,1,0,LEGAL
120,1,30479,1,1,1,0,LEGAL
9,0,33198,1,1,1,0,LEGAL
228,1,28402,1,1,1,0,LEGAL
203,1,30513,1,1,1,0,LEGAL
229,1,29889,1,1,1,0,LEGAL
10,1,32396,1,1,1,0,LEGAL
64,0,35100,1,1,1,0,LEGAL
98,0,31302,1,1,1,0,LEGAL
121,1,62495,1,1,1,0,LEGAL
208,1,29799,1,1,1,0,LEGAL
121,0,27352,1,1,1,0,LEGAL
56,1,22724,1,1,1,0,LEGAL
179,1,31095,1,1,1,0,LEGAL
14,1,58296,1,1,1,0,LEGAL
220,0,56921,1,1,1,0,LEGAL
172,0,681,1,1,1,0,LEGAL
49,1,36550,1,1,1,0,LEGAL
207,0,23620,1,1,1,0,LEGAL
208,0,60378,1,1,1,0,LEGAL
180,0,43641,1,1,1,0,LEGAL
200,0,20911,1,1,1,0,LEGAL
155,0,16306,1,1,1,0,LEGAL
169,0,28177,1,1,1,0,LEGAL
221,0,51094,1,1,1,0,LEGAL
103,0,59071,1,1,1,0,LEGAL
46,0,57236,1,1,1,0,LEGAL
72,0,1525,1,1,1,0,LEGAL
148,0,50240,1,1,1,0,LEGAL
138,0,32356,1,1,1,0,LEGAL
77,1,45501,1,1,1,0,LEGAL
203,1,1758,1,1,1,0,LEGAL
158,0,4007,1,1,1,0,LEGAL
198,0,20369,1,1,1,0,LEGAL
24,1,25633,1,1,1,0,LEGAL
35,1,34918,1,1,1,0,LEGAL
26,1,48286,1,1,1,0,LEGAL
182,0,12127,1,1,1,0,LEGAL
166,1,46194,1,1,1,0,LEGAL
137,1,45036,1,1,1,0,LEGAL
220,0,5013,1,1,1,0,LEGAL
88,1,24438,1,1,1,0,LEGAL
155,1,33849,1,1,1,0,LEGAL
110,1,7930,1,1,1,0,LEGAL
36,0,19721,1,1,1,0,LEGAL
123,1,18590,1,1,1,0,LEGAL
102,1,46003,1,1,1,0,LEGAL
114,0,19835,1,1,1,0,LEGAL
10,1,21823,1,1,1,0,LEGAL
167,0,43661,1,1,1,0,LEGAL
188,1,13277,1,1,1,0,LEGAL
177,0,20529,1,1,1,0,LEGAL
154,0,21251,1,1,1,0,LEGAL
82,0,60349,1,1,1,0,LEGAL
107,1,38535,1,1,1,0,LEGAL
74,1,14808,1,1,1,0,LEGAL
100,1,23946,1,1,1,0,LEGAL
73,0,9877,1,1,1,0,LEGAL
0,0,59744,1,1,1,0,LEGAL
251,1,9978,1,1,1,0,LEGAL
130,1,22035,1,1,1,0,LEGAL
105,1,50498,1,1,1,0,LEGAL
212,0,23228,1,1,1,0,LEGAL
163,1,36628,1,1,1,0,LEGAL
182,1,23499,1,1,1,0,LEGAL
44,0,59755,1,1,1,0,LEGAL
215,0,1324,1,1,1,0,LEGAL
135,0,40973,1,1,1,0,LEGAL
6,0,32095,1,1,1,0,LEGAL
151,0,18365,1,1,1,0,LEGAL
80,1,46758,1,1,1,0,LEGAL
50,1,26125,1,1,1,0,LEGAL
1,0,32859,1,1,1,0,LEGAL
36,0,52846,1,1,1,0,LEGAL
86,1,12639,1,1,1,0,LEGAL
123,0,7550,1,1,1,0,LEGAL
177,1,33240,1,1,1,0,LEGAL
238,1,24712,1,1,1,0,LEGAL
86,1,42352,1,1,1,0,LEGAL
2,0,7371,1,1,1,0,LEGAL
112,0,55311,1,1,1,0,LEGAL
4,1,33894,1,1,1,0,LEGAL
147,0,52716,1,1,1,0,LEGAL
63,0,18543,1,1,1,0,LEGAL
155,1,21131,1,1,1,0,LEGAL
94,1,32427,1,1,1,0,LEGAL
13,0,56288,1,1,1,0,LEGAL
82,1,62109,1,1,1,0,LEGAL
249,1,18433,1,1,1,0,LEGAL
169,1,15420,1,1,1,0,LEGAL
130,0,33370,1,1,1,0,LEGAL
101,1,39705,1,1,1,0,LEGAL
38,1,47052,1,1,1,0,LEGAL
134,1,51873,1,1,1,0,LEGAL
11,1,32727,1,1,1,0,LEGAL
57,1,37300,1,1,1,0,LEGAL
99,1,4215,1,1,1,0,LEGAL
131,0,46478,1,1,1,0,LEGAL
136,1,26305,1,1,1,0,LEGAL
94,1,21289,1,1,1,0,LEGAL
69,1,5569,1,1,1,0,LEGAL
10,1,30789,1,1,1,0,LEGAL
149,1,37056,1,1,1,0,LEGAL
220,1,7026,1,1,1,0,LEGAL
231,1,5278,1,1,1,0,LEGAL
37,1,55157,1,1,1,0,LEGAL
237,1,36404,1,1,1,0,LEGAL
172,1,41408,1,1,1,0,LEGAL
86,0,50678,1,1,1,0,LEGAL
35,1,31170,1,1,1,0,LEGAL
227,0,31818,1,1,1,0,LEGAL
145,1,8840,1,1,1,0,LEGAL
7,0,18430,1,1,1,0,LEGAL
32,1,14749,1,1,1,0,LEGAL
174,0,33424,1,1,1,0,LEGAL
188,1,25022,1,1,1,0,LEGAL
102,1,30435,1,1,1,0,LEGAL
70,0,36565,1,1,1,0,LEGAL
46,0,37042,1,1,1,0,LEGAL
161,0,11828,1,1,1,0,LEGAL
244,0,60970,1,1,1,0,LEGAL
125,0,58205,1,1,1,0,LEGAL
34,0,13664,1,1,1,0,LEGAL
32,1,35722,1,1,1,0,LEGAL
251,1,38568,1,1,1,0,LEGAL
53,1,50473,1,1,1,0,LEGAL
108,0,23239,1,1,1,0,LEGAL
171,1,23382,1,1,1,0,LEGAL
140,1,10188,1,1,1,0,LEGAL
88,1,52904,1,1,1,0,LEGAL
89,1,34479,1,1,1,0,LEGAL
27,1,31552,1,1,1,0,LEGAL
243,0,36641,1,1,1,0,LEGAL
158,1,11558,1,1,1,0,LEGAL
220,0,21390,1,1,1,0,LEGAL
138,1,51902,1,1,1,0,LEGAL
89,1,56447,1,1,1,0,LEGAL
164,1,42057,1,1,1,0,LEGAL
155,0,59533,1,1,1,0,LEGAL
204,1,6754,1,1,1,0,LEGAL
46,0,23879,1,1,1,0,LEGAL
154,1,17468,1,1,1,0,LEGAL
95,1,53988,1,1,1,0,LEGAL
201,0,12701,1,1,1,0,LEGAL
134,0,43368,1,1,1,0,LEGAL
220,1,38125,1,1,1,0,LEGAL
153,0,32808,1,1,1,0,LEGAL
187,0,49432,1,1,1,0,LEGAL
28,0,60543,1,1,1,0,LEGAL
208,1,21615,1,1,1,0,LEGAL
102,1,53204,1,1,1,0,LEGAL
147,1,9868,1,1,1,0,LEGAL
92,1,13313,1,1,1,0,LEGAL
31,1,43837,1,1,1,0,LEGAL
85,1,53915,1,1,1,0,LEGAL
20,1,60020,1,1,1,0,LEGAL
146,0,56337,1,1,1,0,LEGAL
194,1,4128,1,1,1,0,LEGAL
52,1,4517,1,1,1,0,LEGAL
119,1,41701,1,1,1,0,LEGAL
15,0,51871,1,1,1,0,LEGAL
177,0,50319,1,1,1,0,LEGAL
125,1,55832,1,1,1,0,LEGAL
54,1,58128,1,1,1,0,LEGAL
67,0,48454,1,1,1,0,LEGAL
125,1,28425,1,1,1,0,LEGAL
195,0,45706,1,1,1,0,LEGAL
120,1,56045,1,1,1,0,LEGAL
127,0,17069,1,1,1,0,LEGAL
1,0,50775,1,1,1,0,LEGAL
114,0,54367,1,1,1,0,LEGAL
92,0,35386,1,1,1,0,LEGAL
61,1,13587,1,1,1,0,LEGAL
116,1,42942,1,1,1,0,LEGAL
221,0,31548,1,1,1,0,LEGAL
75,1,7840,1,1,1,0,LEGAL
37,1,21953,1,1,1,0,LEGAL
234,1,26062,1,1,1,0,LEGAL
95,0,11133,1,1,1,0,LEGAL
89,1,25160,1,1,1,0,LEGAL
93,0,60081,1,1,1,0,LEGAL
243,0,53085,1,1,1,0,LEGAL
191,0,16008,1,1,1,0,LEGAL
76,0,63148,1,1,1,0,LEGAL
198,0,35237,1,1,1,0,LEGAL
229,0,7573,1,1,1,0,LEGAL
87,0,2221,1,1,1,0,LEGAL
127,1,4586,1,1,1,0,LEGAL
173,1,14847,1,1,1,0,LEGAL
118,1,25177,1,1,1,0,LEGAL
229,1,25829,1,1,1,0,LEGAL
62,0,6881,1,1,1,0,LEGAL
159,1,7293,1,1,1,0,LEGAL
5,0,8494,1,1,1,0,LEGAL
102,1,64145,1,1,1,0,LEGAL
109,0,40428,1,1,1,0,LEGAL
103,0,46796,1,1,1,0,LEGAL
187,1,45973,1,1,1,0,LEGAL
77,0,12471,1,1,1,0,LEGAL
190,0,64913,1,1,1,0,LEGAL
23,1,31635,1,1,1,0,LEGAL
67,1,3601,1,1,1,0,LEGAL
245,1,16833,1,1,1,0,LEGAL
147,0,13570,1,1,1,0,LEGAL
14,0,45092,1,1,1,0,LEGAL
88,1,44698,1,1,1,0,LEGAL
147,1,65493,1,1,1,0,LEGAL
44,0,25012,1,1,1,0,LEGAL
215,0,49442,1,1,1,0,LEGAL
147,0,26122,1,1,1,0,LEGAL
0,1,62946,1,1,1,0,LEGAL
230,1,50403,1,1,1,0,LEGAL
59,0,22071,1,1,1,0,LEGAL
71,1,33481,1,1,1,0,LEGAL
170,1,3030,1,1,1,0,LEGAL
253,0,4752,1,1,1,0,LEGAL
7,0,8665,1,1,1,0,LEGAL
3,0,21843,1,1,1,0,LEGAL
95,1,20564,1,1,1,0,LEGAL
56,0,60647,1,1,1,0,LEGAL
0,0,37114,1,1,1,0,LEGAL
41,0,1651,1,1,1,0,LEGAL
153,1,13454,1,1,1,0,LEGAL
188,1,25043,1,1,1,0,LEGAL
48,1,20279,1,1,1,0,LEGAL
76,0,61757,1,1,1,0,LEGAL
117,0,1571,1,1,1,0,LEGAL
129,0,55376,1,1,1,0,LEGAL
214,1,35208,1,1,1,0,LEGAL
122,1,45903,1,1,1,0,LEGAL
159,1,43812,1,1,1,0,LEGAL
191,0,41648,1,1,1,0,LEGAL
180,1,45480,1,1,1,0,LEGAL
122,0,9070,1,1,1,0,LEGAL
87,1,47952,1,1,1,0,LEGAL
119,1,56218,1,1,1,0,LEGAL
237,0,39321,1,1,1,0,LEGAL
233,1,4473,1,1,1,0,LEGAL
124,1,54801,1,1,1,0,LEGAL
113,0,35327,1,1,1,0,LEGAL
104,0,15971,1,1,1,0,LEGAL
140,0,38607,1,1,1,0,LEGAL
172,0,51999,1,1,1,0,LEGAL
253,1,57167,1,1,1,0,LEGAL
154,1,36399,1,1,1,0,LEGAL
239,1,53136,1,1,1,0,LEGAL
89,1,23793,1,1,1,0,LEGAL
113,0,38585,1,1,1,0,LEGAL
242,1,64961,1,1,1,0,LEGAL
60,0,45748,1,1,1,0,LEGAL
10,0,5802,1,1,1,0,LEGAL
163,0,19030,1,1,1,0,LEGAL
59,0,38353,1,1,1,0,LEGAL
64,0,51030,1,1,1,0,LEGAL
98,0,18312,1,1,1,0,LEGAL
70,1,31687,1,1,1,0,LEGAL
78,0,46818,1,1,1,0,LEGAL
238,1,26551,1,1,1,0,LEGAL
209,1,59091,1,1,1,0,LEGAL
201,0,18691,1,1,1,0,LEGAL
155,1,5919,1,1,1,0,LEGAL
163,0,28051,1,1,1,0,LEGAL
31,0,57266,1,1,1,0,LEGAL
75,0,34239,1,1,1,0,LEGAL
73,1,44181,1,1,1,0,LEGAL
42,1,64280,1,1,1,0,LEGAL
179,0,12730,1,1,1,0,LEGAL
129,1,4502,1,1,1,0,LEGAL
54,0,55250,1,1,1,0,LEGAL
10,1,42359,1,1,1,0,LEGAL
108,0,59401,1,1,1,0,LEGAL
174,0,30436,1,1,1,0,LEGAL
118,0,61275,1,1,1,0,LEGAL
11,0,24718,1,1,1,0,LEGAL
204,0,25762,1,1,1,0,LEGAL
196,1,39172,1,1,1,0,LEGAL
170,0,7639,1,1,1,0,LEGAL
149,1,54631,1,1,1,0,LEGAL
55,1,31389,1,1,1,0,LEGAL
160,0,60162,1,1,1,0,LEGAL
218,0,60549,1,1,1,0,LEGAL
164,1,36600,1,1,1,0,LEGAL
4,0,10869,1,1,1,0,LEGAL
166,0,64987,1,1,1,0,LEGAL
74,0,30643,1,1,1,0,LEGAL
205,0,26662,1,1,1,0,LEGAL
7,1,36879,1,1,1,0,LEGAL
105,1,47403,1,1,1,0,LEGAL
242,1,16062,1,1,1,0,LEGAL
187,1,44329,1,1,1,0,LEGAL
225,0,31887,1,1,1,0,LEGAL
207,1,3359,1,1,1,0,LEGAL
203,0,36968,1,1,1,0,LEGAL
23,1,17454,1,1,1,0,LEGAL
37,1,24650,1,1,1,0,LEGAL
177,0,6625,1,1,1,0,LEGAL
233,1,63288,1,1,1,0,LEGAL
50,1,32441,1,1,1,0,LEGAL
129,1,13067,1,1,1,0,LEGAL
164,1,13303,1,1,1,0,LEGAL
2,1,65373,1,1,1,0,LEGAL
31,0,5294,1,1,1,0,LEGAL
22,1,55646,1,1,1,0,LEGAL
202,0,1945,1,1,1,0,LEGAL
132,1,59091,1,1,1,0,LEGAL
151,1,60027,1,1,1,0,LEGAL
222,1,15373,1,1,1,0,LEGAL
86,0,52668,1,1,1,0,LEGAL
180,1,55920,1,1,1,0,LEGAL
51,0,5078,1,1,1,0,LEGAL
163,0,31129,1,1,1,0,LEGAL
189,1,3527,1,1,1,0,LEGAL
104,0,5806,1,1,1,0,LEGAL
252,1,35327,1,1,1,0,LEGAL
195,1,10938,1,1,1,0,LEGAL
190,0,25320,1,1,1,0,LEGAL
115,0,215,1,1,1,0,LEGAL
43,1,30406,1,1,1,0,LEGAL
175,1,58119,1,1,1,0,LEGAL
29,0,56475,1,1,1,0,LEGAL
43,0,30514,1,1,1,0,LEGAL
185,0,33705,1,1,1,0,LEGAL
120,1,12347,1,1,1,0,LEGAL
221,1,62276,1,1,1,0,LEGAL
45,0,60082,1,1,1,0,LEGAL
200,0,64048,1,1,1,0,LEGAL
67,0,31846,1,1,1,0,LEGAL
18,0,10053,1,1,1,0,LEGAL
101,1,33404,1,1,1,0,LEGAL
184,0,61957,1,1,1,0,LEGAL
255,0,24720,1,1,1,0,LEGAL
11,1,24236,1,1,1,0,LEGAL
117,1,40402,1,1,1,0,LEGAL
197,1,28180,1,1,1,0,LEGAL
148,0,60731,1,1,1,0,LEGAL
70,1,53600,1,1,1,0,LEGAL
236,1,47412,1,1,1,0,LEGAL
190,1,34065,1,1,1,0,LEGAL
144,0,47110,1,1,1,0,LEGAL
95,1,39128,1,1,1,0,LEGAL
55,1,59526,1,1,1,0,LEGAL
233,0,14915,1,1,1,0,LEGAL
125,0,62228,1,1,1,0,LEGAL
138,1,26853,1,1,1,0,LEGAL
120,0,59525,1,1,1,0,LEGAL
8,1,42936,1,1,1,0,LEGAL
55,0,33858,1,1,1,0,LEGAL
164,1,33372,1,1,1,0,LEGAL
9,0,63243,1,1,1,0,LEGAL
176,0,24391,1,1,1,0,LEGAL
43,0,17954,1,1,1,0,LEGAL
11,0,50904,1,1,1,0,LEGAL
173,1,42059,1,1,1,0,LEGAL
145,0,1598,1,1,1,0,LEGAL
246,0,9304,1,1,1,0,LEGAL
170,1,62631,1,1,1,0,LEGAL
201,1,60737,1,1,1,0,LEGAL
32,1,23476,1,1,1,0,LEGAL
49,0,61892,1,1,1,0,LEGAL
147,0,38170,1,1,1,0,LEGAL
36,1,7008,1,1,1,0,LEGAL
27,1,27318,1,1,1,0,LEGAL
91,0,6262,1,1,1,0,LEGAL
90,0,4218,1,1,1,0,LEGAL
63,0,41812,1,1,1,0,LEGAL
56,1,14380,1,1,1,0,LEGAL
117,1,60803,1,1,1,0,LEGAL
242,0,14791,1,1,1,0,LEGAL
160,1,14267,1,1,1,0,LEGAL
188,1,30351,1,1,1,0,LEGAL
6,1,13212,1,1,1,0,LEGAL
192,0,18475,1,1,1,0,LEGAL
14,0,15789,1,1,1,0,LEGAL
55,0,54966,1,1,1,0,LEGAL
174,0,42433,1,1,1,0,LEGAL
138,1,20600,1,1,1,0,LEGAL
1,0,27084,1,1,1,0,LEGAL
169,1,55499,1,1,1,0,LEGAL
9,0,20824,1,1,1,0,LEGAL
0,0,35270,1,1,1,0,LEGAL
139,1,21912,1,1,1,0,LEGAL
99,1,53467,1,1,1,0,LEGAL
119,1,9011,1,1,1,0,LEGAL
222,1,26019,1,1,1,0,LEGAL
58,1,35406,1,1,1,0,LEGAL
241,1,11310,1,1,1,0,LEGAL
43,0,4531,1,1,1,0,LEGAL
38,1,61697,1,1,1,0,LEGAL
123,0,16971,1,1,1,0,LEGAL
144,1,8698,1,1,1,0,LEGAL
85,0,34989,1,1,1,0,LEGAL
12,1,52318,1,1,1,0,LEGAL
182,0,49338,1,1,1,0,LEGAL
255,1,53088,1,1,1,0,LEGAL
123,1,2155,1,1,1,0,LEGAL
35,1,20398,1,1,1,0,LEGAL
209,0,9800,1,1,1,0,LEGAL
30,0,21778,1,1,1,0,LEGAL
176,0,49724,1,1,1,0,LEGAL
71,0,63578,1,1,1,0,LEGAL
216,0,14044,1,1,1,0,LEGAL
21,0,27255,1,1,1,0,LEGAL
164,0,62722,1,1,1,0,LEGAL
127,1,55880,1,1,1,0,LEGAL
44,1,51722,1,1,1,0,LEGAL
240,0,1393,1,1,1,0,LEGAL
160,0,11966,1,1,1,0,LEGAL
115,1,22460,1,1,1,0,LEGAL
62,0,55130,1,1,1,0,LEGAL
236,0,59562,1,1,1,0,LEGAL
111,1,13568,1,1,1,0,LEGAL
136,1,64145,1,1,1,0,LEGAL
235,0,49114,1,1,1,0,LEGAL
12,1,30263,1,1,1,0,LEGAL
187,0,17922,1,1,1,0,LEGAL
91,1,29752,1,1,1,0,LEGAL
146,0,8191,1,1,1,0,LEGAL
147,0,57040,1,1,1,0,LEGAL
83,1,18603,1,1,1,0,LEGAL
55,0,44074,1,1,1,0,LEGAL
194,1,60072,1,1,1,0,LEGAL
129,0,53523,1,1,1,0,LEGAL
17,1,235,1,1,1,0,LEGAL
136,1,32031,1,1,1,0,LEGAL
222,0,18163,1,1,1,0,LEGAL
199,1,29736,1,1,1,0,LEGAL
48,1,55937,1,1,1,0,LEGAL
7,0,50018,1,1,1,0,LEGAL
44,0,25700,1,1,1,0,LEGAL
81,0,48783,1,1,1,0,LEGAL
144,1,8672,1,1,1,0,LEGAL
47,1,33238,1,1,1,0,LEGAL
197,0,25131,1,1,1,0,LEGAL
146,0,13854,1,1,1,0,LEGAL
200,0,55974,1,1,1,0,LEGAL
31,0,29220,1,1,1,0,LEGAL
5,1,59476,1,1,1,0,LEGAL
216,0,36187,1,1,1,0,LEGAL
22,0,64317,1,1,1,0,LEGAL
32,1,42402,1,1,1,0,LEGAL
131,0,32897,1,1,1,0,LEGAL
229,0,6291,1,1,1,0,LEGAL
77,1,27580,1,1,1,0,LEGAL
232,0,45731,1,1,1,0,LEGAL
188,1,41083,1,1,1,0,LEGAL
37,0,14000,1,1,1,0,LEGAL
96,0,32220,1,1,1,0,LEGAL
59,0,27077,1,1,1,0,LEGAL
36,0,61495,1,1,1,0,LEGAL
65,0,17531,1,1,1,0,LEGAL
94,1,46637,1,1,1,0,LEGAL
28,0,48352,1,1,1,0,LEGAL
107,0,35028,1,1,1,0,LEGAL
172,1,59866,1,1,1,0,LEGAL
187,1,10581,1,1,1,0,LEGAL
32,0,3760,1,1,1,0,LEGAL
58,1,17444,1,1,1,0,LEGAL
172,0,21504,1,1,1,0,LEGAL
213,0,33603,1,1,1,0,LEGAL
38,1,53607,1,1,1,0,LEGAL
70,0,1610,1,1,1,0,LEGAL
193,0,2843,1,1,1,0,LEGAL
191,1,57781,1,1,1,0,LEGAL
69,0,3228,1,1,1,0,LEGAL
15,1,3269,1,1,1,0,LEGAL
221,1,65230,1,1,1,0,LEGAL
217,0,46628,1,1,1,0,LEGAL
48,1,42693,1,1,1,0,LEGAL
142,1,34009,1,1,1,0,LEGAL
27,0,24006,1,1,1,0,LEGAL
96,1,30783,1,1,1,0,LEGAL
130,1,42783,1,1,1,0,LEGAL
160,0,41275,1,1,1,0,LEGAL
105,1,83,1,1,1,0,LEGAL
142,0,59032,1,1,1,0,LEGAL
76,1,49774,1,1,1,0,LEGAL
118,1,14917,1,1,1,0,LEGAL
30,0,35314,1,1,1,0,LEGAL
6,0,58847,1,1,1,0,LEGAL
50,0,37717,1,1,1,0,LEGAL
130,1,18344,1,1,1,0,LEGAL
104,0,63688,1,1,1,0,LEGAL
241,0,59728,1,1,1,0,LEGAL
176,1,32761,1,1,1,0,LEGAL
179,1,31442,1,1,1,0,LEGAL
171,0,24514,1,1,1,0,LEGAL
11,1,31918,1,1,1,0,LEGAL
104,1,18451,1,1,1,0,LEGAL
76,0,10882,1,1,1,0,LEGAL
228,0,61228,1,1,1,0,LEGAL
243,0,21075,1,1,1,0,LEGAL
125,1,53299,1,1,1,0,LEGAL
100,0,18670,1,1,1,0,LEGAL
95,0,53839,1,1,1,0,LEGAL
213,1,39125,1,1,1,0,LEGAL
209,1,13656,1,1,1,0,LEGAL
155,0,34211,1,1,1,0,LEGAL
52,0,60436,1,1,1,0,LEGAL
165,1,54130,1,1,1,0,LEGAL
142,0,34050,1,1,1,0,LEGAL
79,0,22411,1,1,1,0,LEGAL
189,1,56114,1,1,1,0,LEGAL
136,1,43593,1,1,1,0,LEGAL
40,0,41883,1,1,1,0,LEGAL
106,1,18845,1,1,1,0,LEGAL
116,0,334,1,1,1,0,LEGAL
226,1,46882,1,1,1,0,LEGAL
192,1,18677,1,1,1,0,LEGAL
108,1,8950,1,1,1,0,LEGAL
148,1,39121,1,1,1,0,LEGAL
454,1,17887,1,1,1,1,INVALID_ADDRESS
495,1,14634,1,1,1,1,INVALID_ADDRESS
366,0,57551,1,1,1,1,INVALID_ADDRESS
325,1,42566,1,1,1,1,INVALID_ADDRESS
327,0,62768,1,1,1,1,INVALID_ADDRESS
388,0,56378,1,1,1,1,INVALID_ADDRESS
494,0,11887,1,1,1,1,INVALID_ADDRESS
405,1,4702,1,1,1,1,INVALID_ADDRESS
348,0,31568,1,1,1,1,INVALID_ADDRESS
378,1,59515,1,1,1,1,INVALID_ADDRESS
363,0,24723,1,1,1,1,INVALID_ADDRESS
388,0,40108,1,1,1,1,INVALID_ADDRESS
454,0,44685,1,1,1,1,INVALID_ADDRESS
371,0,8307,1,1,1,1,INVALID_ADDRESS
392,0,44703,1,1,1,1,INVALID_ADDRESS
370,0,47649,1,1,1,1,INVALID_ADDRESS
314,1,35528,1,1,1,1,INVALID_ADDRESS
276,1,44624,1,1,1,1,INVALID_ADDRESS
264,0,2913,1,1,1,1,INVALID_ADDRESS
425,0,21024,1,1,1,1,INVALID_ADDRESS
413,1,39017,1,1,1,1,INVALID_ADDRESS
451,1,45803,1,1,1,1,INVALID_ADDRESS
296,0,60681,1,1,1,1,INVALID_ADDRESS
319,1,62215,1,1,1,1,INVALID_ADDRESS
466,0,55628,1,1,1,1,INVALID_ADDRESS
438,1,42846,1,1,1,1,INVALID_ADDRESS
463,1,21944,1,1,1,1,INVALID_ADDRESS
264,0,35167,1,1,1,1,INVALID_ADDRESS
321,1,57142,1,1,1,1,INVALID_ADDRESS
491,0,40031,1,1,1,1,INVALID_ADDRESS
406,1,44737,1,1,1,1,INVALID_ADDRESS
428,0,18013,1,1,1,1,INVALID_ADDRESS
295,1,38424,1,1,1,1,INVALID_ADDRESS
292,1,12069,1,1,1,1,INVALID_ADDRESS
407,1,32446,1,1,1,1,INVALID_ADDRESS
499,1,2804,1,1,1,1,INVALID_ADDRESS
462,1,27251,1,1,1,1,INVALID_ADDRESS
486,1,33585,1,1,1,1,INVALID_ADDRESS
274,1,61226,1,1,1,1,INVALID_ADDRESS
471,0,5424,1,1,1,1,INVALID_ADDRESS
483,1,18821,1,1,1,1,INVALID_ADDRESS
459,0,14540,1,1,1,1,INVALID_ADDRESS
307,1,58015,1,1,1,1,INVALID_ADDRESS
404,1,29189,1,1,1,1,INVALID_ADDRESS
429,1,45774,1,1,1,1,INVALID_ADDRESS
410,0,59363,1,1,1,1,INVALID_ADDRESS
386,1,35444,1,1,1,1,INVALID_ADDRESS
341,0,5000,1,1,1,1,INVALID_ADDRESS
452,0,31373,1,1,1,1,INVALID_ADDRESS
343,1,30992,1,1,1,1,INVALID_ADDRESS
346,1,54299,1,1,1,1,INVALID_ADDRESS
467,1,57919,1,1,1,1,INVALID_ADDRESS
280,0,8189,1,1,1,1,INVALID_ADDRESS
347,0,62714,1,1,1,1,INVALID_ADDRESS
313,1,4353,1,1,1,1,INVALID_ADDRESS
326,0,7583,1,1,1,1,INVALID_ADDRESS
334,0,10696,1,1,1,1,INVALID_ADDRESS
312,1,37596,1,1,1,1,INVALID_ADDRESS
473,1,27193,1,1,1,1,INVALID_ADDRESS
442,0,34612,1,1,1,1,INVALID_ADDRESS
401,0,16098,1,1,1,1,INVALID_ADDRESS
326,0,23109,1,1,1,1,INVALID_ADDRESS
355,1,27881,1,1,1,1,INVALID_ADDRESS
441,1,42415,1,1,1,1,INVALID_ADDRESS
399,1,41436,1,1,1,1,INVALID_ADDRESS
379,0,53640,1,1,1,1,INVALID_ADDRESS
288,0,17427,1,1,1,1,INVALID_ADDRESS
307,0,31545,1,1,1,1,INVALID_ADDRESS
332,0,56507,1,1,1,1,INVALID_ADDRESS
386,0,28803,1,1,1,1,INVALID_ADDRESS
384,1,33967,1,1,1,1,INVALID_ADDRESS
358,1,64559,1,1,1,1,INVALID_ADDRESS
294,0,7151,1,1,1,1,INVALID_ADDRESS
391,1,39568,1,1,1,1,INVALID_ADDRESS
435,0,60603,1,1,1,1,INVALID_ADDRESS
431,1,7377,1,1,1,1,INVALID_ADDRESS
258,1,10660,1,1,1,1,INVALID_ADDRESS
262,0,47051,1,1,1,1,INVALID_ADDRESS
454,0,30094,1,1,1,1,INVALID_ADDRESS
326,1,60864,1,1,1,1,INVALID_ADDRESS
446,0,7666,1,1,1,1,INVALID_ADDRESS
297,1,27365,1,1,1,1,INVALID_ADDRESS
305,1,23842,1,1,1,1,INVALID_ADDRESS
481,0,47569,1,1,1,1,INVALID_ADDRESS
329,0,34894,1,1,1,1,INVALID_ADDRESS
277,1,27615,1,1,1,1,INVALID_ADDRESS
338,0,6999,1,1,1,1,INVALID_ADDRESS
472,1,59041,1,1,1,1,INVALID_ADDRESS
391,0,54602,1,1,1,1,INVALID_ADDRESS
429,0,4691,1,1,1,1,INVALID_ADDRESS
388,1,1809,1,1,1,1,INVALID_ADDRESS
435,0,47126,1,1,1,1,INVALID_ADDRESS
414,1,50423,1,1,1,1,INVALID_ADDRESS
302,1,20375,1,1,1,1,INVALID_ADDRESS
316,1,6541,1,1,1,1,INVALID_ADDRESS
310,1,61458,1,1,1,1,INVALID_ADDRESS
381,1,61820,1,1,1,1,INVALID_ADDRESS
379,0,48791,1,1,1,1,INVALID_ADDRESS
372,1,17913,1,1,1,1,INVALID_ADDRESS
311,0,63593,1,1,1,1,INVALID_ADDRESS
430,0,54248,1,1,1,1,INVALID_ADDRESS
348,0,62242,1,1,1,1,INVALID_ADDRESS
268,1,40051,1,1,1,1,INVALID_ADDRESS
325,1,38055,1,1,1,1,INVALID_ADDRESS
467,1,20411,1,1,1,1,INVALID_ADDRESS
418,1,55345,1,1,1,1,INVALID_ADDRESS
498,1,5973,1,1,1,1,INVALID_ADDRESS
435,1,60134,1,1,1,1,INVALID_ADDRESS
428,1,56260,1,1,1,1,INVALID_ADDRESS
439,1,36347,1,1,1,1,INVALID_ADDRESS
329,1,62523,1,1,1,1,INVALID_ADDRESS
306,0,17350,1,1,1,1,INVALID_ADDRESS
392,0,35274,1,1,1,1,INVALID_ADDRESS
376,0,53719,1,1,1,1,INVALID_ADDRESS
263,1,40151,1,1,1,1,INVALID_ADDRESS
495,1,25749,1,1,1,1,INVALID_ADDRESS
478,0,52324,1,1,1,1,INVALID_ADDRESS
486,1,58201,1,1,1,1,INVALID_ADDRESS
285,0,29247,1,1,1,1,INVALID_ADDRESS
317,1,47106,1,1,1,1,INVALID_ADDRESS
310,0,57670,1,1,1,1,INVALID_ADDRESS
364,1,32227,1,1,1,1,INVALID_ADDRESS
287,0,21763,1,1,1,1,INVALID_ADDRESS
349,0,9157,1,1,1,1,INVALID_ADDRESS
377,1,51738,1,1,1,1,INVALID_ADDRESS
345,1,8831,1,1,1,1,INVALID_ADDRESS
442,1,16838,1,1,1,1,INVALID_ADDRESS
320,1,62229,1,1,1,1,INVALID_ADDRESS
290,1,57556,1,1,1,1,INVALID_ADDRESS
276,1,46307,1,1,1,1,INVALID_ADDRESS
486,1,21309,1,1,1,1,INVALID_ADDRESS
319,1,2728,1,1,1,1,INVALID_ADDRESS
286,1,4793,1,1,1,1,INVALID_ADDRESS
452,0,40064,1,1,1,1,INVALID_ADDRESS
378,1,22380,1,1,1,1,INVALID_ADDRESS
463,0,54168,1,1,1,1,INVALID_ADDRESS
450,0,39041,1,1,1,1,INVALID_ADDRESS
454,0,19514,1,1,1,1,INVALID_ADDRESS
263,1,24135,1,1,1,1,INVALID_ADDRESS
325,1,62321,1,1,1,1,INVALID_ADDRESS
393,0,32252,1,1,1,1,INVALID_ADDRESS
495,1,33739,1,1,1,1,INVALID_ADDRESS
477,1,12830,1,1,1,1,INVALID_ADDRESS
333,1,13831,1,1,1,1,INVALID_ADDRESS
424,1,32543,1,1,1,1,INVALID_ADDRESS
286,0,50859,1,1,1,1,INVALID_ADDRESS
496,0,45085,1,1,1,1,INVALID_ADDRESS
412,0,63705,1,1,1,1,INVALID_ADDRESS
391,0,38162,1,1,1,1,INVALID_ADDRESS
382,0,50348,1,1,1,1,INVALID_ADDRESS
269,0,50109,1,1,1,1,INVALID_ADDRESS
316,1,60105,1,1,1,1,INVALID_ADDRESS
400,0,28163,1,1,1,1,INVALID_ADDRESS
279,1,61664,1,1,1,1,INVALID_ADDRESS
457,1,11148,1,1,1,1,INVALID_ADDRESS
262,1,27266,1,1,1,1,INVALID_ADDRESS
324,1,14444,1,1,1,1,INVALID_ADDRESS
320,1,39217,1,1,1,1,INVALID_ADDRESS
493,0,47719,1,1,1,1,INVALID_ADDRESS
399,1,18695,1,1,1,1,INVALID_ADDRESS
443,1,52926,1,1,1,1,INVALID_ADDRESS
352,0,65441,1,1,1,1,INVALID_ADDRESS
437,1,58934,1,1,1,1,INVALID_ADDRESS
454,0,14318,1,1,1,1,INVALID_ADDRESS
325,1,34555,1,1,1,1,INVALID_ADDRESS
401,0,52807,1,1,1,1,INVALID_ADDRESS
457,0,56805,1,1,1,1,INVALID_ADDRESS
397,1,12784,1,1,1,1,INVALID_ADDRESS
411,1,1929,1,1,1,1,INVALID_ADDRESS
418,1,21115,1,1,1,1,INVALID_ADDRESS
415,0,12929,1,1,1,1,INVALID_ADDRESS
294,1,20128,1,1,1,1,INVALID_ADDRESS
413,0,37196,1,1,1,1,INVALID_ADDRESS
320,1,39662,1,1,1,1,INVALID_ADDRESS
436,1,38353,1,1,1,1,INVALID_ADDRESS
478,0,36821,1,1,1,1,INVALID_ADDRESS
261,1,58767,1,1,1,1,INVALID_ADDRESS
288,0,18563,1,1,1,1,INVALID_ADDRESS
465,1,19807,1,1,1,1,INVALID_ADDRESS
425,1,60242,1,1,1,1,INVALID_ADDRESS
442,0,12016,1,1,1,1,INVALID_ADDRESS
481,0,5214,1,1,1,1,INVALID_ADDRESS
410,1,35989,1,1,1,1,INVALID_ADDRESS
461,0,22877,1,1,1,1,INVALID_ADDRESS
443,1,22681,1,1,1,1,INVALID_ADDRESS
467,1,31536,1,1,1,1,INVALID_ADDRESS
299,0,30285,1,1,1,1,INVALID_ADDRESS
494,1,45576,1,1,1,1,INVALID_ADDRESS
393,0,23016,1,1,1,1,INVALID_ADDRESS
463,0,28575,1,1,1,1,INVALID_ADDRESS
380,0,63458,1,1,1,1,INVALID_ADDRESS
445,0,52387,1,1,1,1,INVALID_ADDRESS
378,1,48336,1,1,1,1,INVALID_ADDRESS
426,0,22378,1,1,1,1,INVALID_ADDRESS
497,1,3651,1,1,1,1,INVALID_ADDRESS
297,1,16091,1,1,1,1,INVALID_ADDRESS
403,1,52079,1,1,1,1,INVALID_ADDRESS
439,1,56860,1,1,1,1,INVALID_ADDRESS
463,0,64199,1,1,1,1,INVALID_ADDRESS
477,0,42010,1,1,1,1,INVALID_ADDRESS
469,1,14636,1,1,1,1,INVALID_ADDRESS
450,0,12997,1,1,1,1,INVALID_ADDRESS
359,1,41977,1,1,1,1,INVALID_ADDRESS
388,1,18816,1,1,1,1,INVALID_ADDRESS
354,1,33593,1,1,1,1,INVALID_ADDRESS
325,0,5173,1,1,1,1,INVALID_ADDRESS
381,1,16631,1,1,1,1,INVALID_ADDRESS
441,0,25493,1,1,1,1,INVALID_ADDRESS
341,1,60457,1,1,1,1,INVALID_ADDRESS
295,0,62230,1,1,1,1,INVALID_ADDRESS
271,1,3081,1,1,1,1,INVALID_ADDRESS
335,0,48054,1,1,1,1,INVALID_ADDRESS
388,0,53428,1,1,1,1,INVALID_ADDRESS
496,1,20441,1,1,1,1,INVALID_ADDRESS
471,1,21334,1,1,1,1,INVALID_ADDRESS
265,1,292,1,1,1,1,INVALID_ADDRESS
306,1,61244,1,1,1,1,INVALID_ADDRESS
444,0,58671,1,1,1,1,INVALID_ADDRESS
304,1,38480,1,1,1,1,INVALID_ADDRESS
485,1,46153,1,1,1,1,INVALID_ADDRESS
448,1,48592,1,1,1,1,INVALID_ADDRESS
339,1,19802,1,1,1,1,INVALID_ADDRESS
268,0,50899,1,1,1,1,INVALID_ADDRESS
269,0,17438,1,1,1,1,INVALID_ADDRESS
362,0,17341,1,1,1,1,INVALID_ADDRESS
432,0,2136,1,1,1,1,INVALID_ADDRESS
351,1,54903,1,1,1,1,INVALID_ADDRESS
330,0,38675,1,1,1,1,INVALID_ADDRESS
258,1,29159,1,1,1,1,INVALID_ADDRESS
274,0,26686,1,1,1,1,INVALID_ADDRESS
277,1,1792,1,1,1,1,INVALID_ADDRESS
301,1,21060,1,1,1,1,INVALID_ADDRESS
460,1,42563,1,1,1,1,INVALID_ADDRESS
278,0,40611,1,1,1,1,INVALID_ADDRESS
405,1,10068,1,1,1,1,INVALID_ADDRESS
438,0,27451,1,1,1,1,INVALID_ADDRESS
500,0,22360,1,1,1,1,INVALID_ADDRESS
414,1,56724,1,1,1,1,INVALID_ADDRESS
299,0,1272,1,1,1,1,INVALID_ADDRESS
446,0,51646,1,1,1,1,INVALID_ADDRESS
453,1,60289,1,1,1,1,INVALID_ADDRESS
327,0,27850,1,1,1,1,INVALID_ADDRESS
337,0,18866,1,1,1,1,INVALID_ADDRESS
411,0,39816,1,1,1,1,INVALID_ADDRESS
457,1,38219,1,1,1,1,INVALID_ADDRESS
263,0,52062,1,1,1,1,INVALID_ADDRESS
260,1,20278,1,1,1,1,INVALID_ADDRESS
277,0,60320,1,1,1,1,INVALID_ADDRESS
426,1,19783,1,1,1,1,INVALID_ADDRESS
327,0,14595,1,1,1,1,INVALID_ADDRESS
216,0,50679,1,0,1,2,MISSING_PENABLE
106,0,38067,1,0,1,2,MISSING_PENABLE
109,0,15012,1,0,1,2,MISSING_PENABLE
220,1,59587,1,0,1,2,MISSING_PENABLE
237,0,26635,1,0,1,2,MISSING_PENABLE
221,0,15847,1,0,1,2,MISSING_PENABLE
6,0,54192,1,0,1,2,MISSING_PENABLE
126,1,42478,1,0,1,2,MISSING_PENABLE
6,0,50953,1,0,1,2,MISSING_PENABLE
165,0,44235,1,0,1,2,MISSING_PENABLE
29,1,32914,1,0,1,2,MISSING_PENABLE
134,1,29400,1,0,1,2,MISSING_PENABLE
227,0,41488,1,0,1,2,MISSING_PENABLE
27,1,58599,1,0,1,2,MISSING_PENABLE
250,1,23987,1,0,1,2,MISSING_PENABLE
80,0,38720,1,0,1,2,MISSING_PENABLE
169,1,48522,1,0,1,2,MISSING_PENABLE
161,1,22041,1,0,1,2,MISSING_PENABLE
94,1,34117,1,0,1,2,MISSING_PENABLE
184,1,4424,1,0,1,2,MISSING_PENABLE
197,0,33777,1,0,1,2,MISSING_PENABLE
184,0,6799,1,0,1,2,MISSING_PENABLE
196,1,36349,1,0,1,2,MISSING_PENABLE
117,0,3209,1,0,1,2,MISSING_PENABLE
15,0,59751,1,0,1,2,MISSING_PENABLE
166,0,36512,1,0,1,2,MISSING_PENABLE
130,1,369,1,0,1,2,MISSING_PENABLE
127,0,33835,1,0,1,2,MISSING_PENABLE
203,0,2531,1,0,1,2,MISSING_PENABLE
250,0,40778,1,0,1,2,MISSING_PENABLE
102,1,20480,1,0,1,2,MISSING_PENABLE
23,1,10976,1,0,1,2,MISSING_PENABLE
102,1,53235,1,0,1,2,MISSING_PENABLE
26,1,61756,1,0,1,2,MISSING_PENABLE
205,0,48881,1,0,1,2,MISSING_PENABLE
151,0,1909,1,0,1,2,MISSING_PENABLE
202,1,50814,1,0,1,2,MISSING_PENABLE
209,1,62245,1,0,1,2,MISSING_PENABLE
138,0,64111,1,0,1,2,MISSING_PENABLE
17,0,9725,1,0,1,2,MISSING_PENABLE
53,0,23821,1,0,1,2,MISSING_PENABLE
157,0,53821,1,0,1,2,MISSING_PENABLE
113,1,53046,1,0,1,2,MISSING_PENABLE
204,0,52637,1,0,1,2,MISSING_PENABLE
197,1,24643,1,0,1,2,MISSING_PENABLE
198,1,36197,1,0,1,2,MISSING_PENABLE
205,0,13407,1,0,1,2,MISSING_PENABLE
60,0,43647,1,0,1,2,MISSING_PENABLE
58,0,2609,1,0,1,2,MISSING_PENABLE
178,0,15716,1,0,1,2,MISSING_PENABLE
46,0,60623,1,0,1,2,MISSING_PENABLE
227,1,34624,1,0,1,2,MISSING_PENABLE
169,0,61402,1,0,1,2,MISSING_PENABLE
124,0,64241,1,0,1,2,MISSING_PENABLE
248,1,47953,1,0,1,2,MISSING_PENABLE
205,1,16885,1,0,1,2,MISSING_PENABLE
98,0,28233,1,0,1,2,MISSING_PENABLE
96,1,57557,1,0,1,2,MISSING_PENABLE
197,1,26308,1,0,1,2,MISSING_PENABLE
252,1,26954,1,0,1,2,MISSING_PENABLE
233,0,49443,1,0,1,2,MISSING_PENABLE
4,1,27243,1,0,1,2,MISSING_PENABLE
173,0,2124,1,0,1,2,MISSING_PENABLE
88,1,25278,1,0,1,2,MISSING_PENABLE
73,0,37137,1,0,1,2,MISSING_PENABLE
123,0,55608,1,0,1,2,MISSING_PENABLE
59,1,50761,1,0,1,2,MISSING_PENABLE
196,1,49509,1,0,1,2,MISSING_PENABLE
198,1,46188,1,0,1,2,MISSING_PENABLE
70,1,11060,1,0,1,2,MISSING_PENABLE
33,0,28276,1,0,1,2,MISSING_PENABLE
34,1,59335,1,0,1,2,MISSING_PENABLE
126,0,58885,1,0,1,2,MISSING_PENABLE
23,0,38671,1,0,1,2,MISSING_PENABLE
159,0,21319,1,0,1,2,MISSING_PENABLE
245,0,32352,1,0,1,2,MISSING_PENABLE
35,1,25058,1,0,1,2,MISSING_PENABLE
94,1,24577,1,0,1,2,MISSING_PENABLE
53,0,26890,1,0,1,2,MISSING_PENABLE
112,0,35727,1,0,1,2,MISSING_PENABLE
43,0,54065,1,0,1,2,MISSING_PENABLE
231,0,40642,1,0,1,2,MISSING_PENABLE
113,0,6738,1,0,1,2,MISSING_PENABLE
219,1,61395,1,0,1,2,MISSING_PENABLE
136,1,27493,1,0,1,2,MISSING_PENABLE
27,1,48092,1,0,1,2,MISSING_PENABLE
149,1,21347,1,0,1,2,MISSING_PENABLE
250,1,6548,1,0,1,2,MISSING_PENABLE
219,0,32299,1,0,1,2,MISSING_PENABLE
123,1,24410,1,0,1,2,MISSING_PENABLE
148,1,46261,1,0,1,2,MISSING_PENABLE
160,1,36626,1,0,1,2,MISSING_PENABLE
90,0,47015,1,0,1,2,MISSING_PENABLE
254,1,29135,1,0,1,2,MISSING_PENABLE
181,0,33161,1,0,1,2,MISSING_PENABLE
103,1,38981,1,0,1,2,MISSING_PENABLE
159,1,10574,1,0,1,2,MISSING_PENABLE
11,1,34523,1,0,1,2,MISSING_PENABLE
227,0,49673,1,0,1,2,MISSING_PENABLE
101,0,53880,1,0,1,2,MISSING_PENABLE
125,0,21445,1,0,1,2,MISSING_PENABLE
230,1,43806,1,0,1,2,MISSING_PENABLE
79,0,43760,1,0,1,2,MISSING_PENABLE
143,1,10466,1,0,1,2,MISSING_PENABLE
11,1,42895,1,0,1,2,MISSING_PENABLE
156,1,59185,1,0,1,2,MISSING_PENABLE
96,1,43491,1,0,1,2,MISSING_PENABLE
102,0,13906,1,0,1,2,MISSING_PENABLE
118,1,42005,1,0,1,2,MISSING_PENABLE
232,0,54853,1,0,1,2,MISSING_PENABLE
140,1,52047,1,0,1,2,MISSING_PENABLE
218,0,60904,1,0,1,2,MISSING_PENABLE
8,1,48898,1,0,1,2,MISSING_PENABLE
126,0,44726,1,0,1,2,MISSING_PENABLE
159,1,36960,1,0,1,2,MISSING_PENABLE
30,0,2473,1,0,1,2,MISSING_PENABLE
122,0,56122,1,0,1,2,MISSING_PENABLE
75,1,29986,1,0,1,2,MISSING_PENABLE
146,1,13198,1,0,1,2,MISSING_PENABLE
92,0,56875,1,0,1,2,MISSING_PENABLE
50,1,22646,1,0,1,2,MISSING_PENABLE
84,1,14122,1,0,1,2,MISSING_PENABLE
124,1,7588,1,0,1,2,MISSING_PENABLE
75,1,34191,1,0,1,2,MISSING_PENABLE
105,0,49460,1,0,1,2,MISSING_PENABLE
168,1,65447,1,0,1,2,MISSING_PENABLE
135,0,31804,1,0,1,2,MISSING_PENABLE
17,1,53628,1,0,1,2,MISSING_PENABLE
35,1,63150,1,0,1,2,MISSING_PENABLE
8,0,11363,1,0,1,2,MISSING_PENABLE
172,0,21628,1,0,1,2,MISSING_PENABLE
89,1,2585,1,0,1,2,MISSING_PENABLE
44,0,58775,1,0,1,2,MISSING_PENABLE
45,1,31995,1,0,1,2,MISSING_PENABLE
138,0,59865,1,0,1,2,MISSING_PENABLE
206,1,47460,1,0,1,2,MISSING_PENABLE
227,0,10307,1,0,1,2,MISSING_PENABLE
251,1,36845,1,0,1,2,MISSING_PENABLE
225,1,8803,1,0,1,2,MISSING_PENABLE
4,1,50274,1,0,1,2,MISSING_PENABLE
66,1,3338,1,0,1,2,MISSING_PENABLE
10,0,28424,1,0,1,2,MISSING_PENABLE
77,1,29808,1,0,1,2,MISSING_PENABLE
17,0,60983,1,0,1,2,MISSING_PENABLE
153,1,13126,1,0,1,2,MISSING_PENABLE
186,1,62182,1,0,1,2,MISSING_PENABLE
131,1,38726,1,0,1,2,MISSING_PENABLE
119,1,38914,1,0,1,2,MISSING_PENABLE
141,1,12915,1,0,1,2,MISSING_PENABLE
179,0,21165,1,0,1,2,MISSING_PENABLE
15,0,37454,1,0,1,2,MISSING_PENABLE
103,0,41729,1,0,1,2,MISSING_PENABLE
42,0,22337,1,0,1,2,MISSING_PENABLE
148,0,40521,1,0,1,2,MISSING_PENABLE
121,1,31446,1,0,1,2,MISSING_PENABLE
170,1,27713,1,0,1,2,MISSING_PENABLE
124,0,37282,1,0,1,2,MISSING_PENABLE
84,0,53398,1,0,1,2,MISSING_PENABLE
10,0,56582,1,0,1,2,MISSING_PENABLE
21,1,24528,1,0,1,2,MISSING_PENABLE
84,1,15699,1,0,1,2,MISSING_PENABLE
140,1,20293,1,0,1,2,MISSING_PENABLE
61,1,55548,1,0,1,2,MISSING_PENABLE
145,0,18570,1,0,1,2,MISSING_PENABLE
245,1,51809,1,0,1,2,MISSING_PENABLE
135,1,6288,1,0,1,2,MISSING_PENABLE
209,0,49620,1,0,1,2,MISSING_PENABLE
150,1,52799,1,0,1,2,MISSING_PENABLE
10,0,11213,1,0,1,2,MISSING_PENABLE
145,1,64877,1,0,1,2,MISSING_PENABLE
149,0,53705,1,0,1,2,MISSING_PENABLE
62,1,35531,1,0,1,2,MISSING_PENABLE
238,1,22724,1,0,1,2,MISSING_PENABLE
143,1,54503,1,0,1,2,MISSING_PENABLE
243,1,10403,1,0,1,2,MISSING_PENABLE
230,1,38024,1,0,1,2,MISSING_PENABLE
204,0,51352,1,0,1,2,MISSING_PENABLE
210,0,19103,1,0,1,2,MISSING_PENABLE
53,0,64396,1,0,1,2,MISSING_PENABLE
2,0,26242,1,0,1,2,MISSING_PENABLE
72,0,11186,1,0,1,2,MISSING_PENABLE
240,0,3807,1,0,1,2,MISSING_PENABLE
43,0,4690,1,0,1,2,MISSING_PENABLE
152,0,49293,1,0,1,2,MISSING_PENABLE
30,0,18299,1,0,1,2,MISSING_PENABLE
87,0,3966,1,0,1,2,MISSING_PENABLE
38,1,54316,1,0,1,2,MISSING_PENABLE
95,0,38735,1,0,1,2,MISSING_PENABLE
44,0,12274,1,0,1,2,MISSING_PENABLE
8,0,21658,1,0,1,2,MISSING_PENABLE
226,1,37906,1,0,1,2,MISSING_PENABLE
185,0,266,1,0,1,2,MISSING_PENABLE
213,1,38577,1,0,1,2,MISSING_PENABLE
18,1,46824,1,0,1,2,MISSING_PENABLE
52,0,35362,1,0,1,2,MISSING_PENABLE
79,0,50688,1,0,1,2,MISSING_PENABLE
32,1,58920,1,0,1,2,MISSING_PENABLE
250,0,14860,1,0,1,2,MISSING_PENABLE
151,1,31421,1,0,1,2,MISSING_PENABLE
253,1,23301,1,0,1,2,MISSING_PENABLE
75,1,23923,1,0,1,2,MISSING_PENABLE
237,0,21915,1,0,1,2,MISSING_PENABLE
21,0,60807,1,0,1,2,MISSING_PENABLE
7,1,29965,1,0,1,2,MISSING_PENABLE
210,1,7789,1,0,1,2,MISSING_PENABLE
4,0,17272,1,0,1,2,MISSING_PENABLE
145,0,45265,1,0,1,2,MISSING_PENABLE
127,1,15499,1,0,1,2,MISSING_PENABLE
25,1,3420,1,0,1,2,MISSING_PENABLE
93,0,26530,1,0,1,2,MISSING_PENABLE
202,0,63991,1,0,1,2,MISSING_PENABLE
29,0,33370,1,0,1,2,MISSING_PENABLE
162,0,35567,1,0,1,2,MISSING_PENABLE
99,1,15794,1,0,1,2,MISSING_PENABLE
212,0,15314,1,0,1,2,MISSING_PENABLE
243,1,49340,1,0,1,2,MISSING_PENABLE
215,1,60981,1,0,1,2,MISSING_PENABLE
55,0,47043,1,0,1,2,MISSING_PENABLE
213,1,21463,1,0,1,2,MISSING_PENABLE
219,1,55925,1,0,1,2,MISSING_PENABLE
206,0,36631,1,0,1,2,MISSING_PENABLE
112,1,43015,1,0,1,2,MISSING_PENABLE
145,0,3482,1,0,1,2,MISSING_PENABLE
138,1,20155,1,0,1,2,MISSING_PENABLE
163,0,54468,1,0,1,2,MISSING_PENABLE
204,1,49709,1,0,1,2,MISSING_PENABLE
106,0,52343,1,0,1,2,MISSING_PENABLE
0,0,63555,1,0,1,2,MISSING_PENABLE
14,0,27020,1,0,1,2,MISSING_PENABLE
114,1,46410,1,0,1,2,MISSING_PENABLE
235,0,44001,1,0,1,2,MISSING_PENABLE
34,0,37255,1,0,1,2,MISSING_PENABLE
117,1,22610,1,0,1,2,MISSING_PENABLE
53,1,52990,1,0,1,2,MISSING_PENABLE
150,1,62046,1,0,1,2,MISSING_PENABLE
213,0,65053,1,0,1,2,MISSING_PENABLE
126,1,47610,1,0,1,2,MISSING_PENABLE
127,0,43599,1,0,1,2,MISSING_PENABLE
3,1,54781,1,0,1,2,MISSING_PENABLE
197,0,23331,1,0,1,2,MISSING_PENABLE
114,0,2491,1,0,1,2,MISSING_PENABLE
95,1,29884,1,0,1,2,MISSING_PENABLE
171,1,2216,1,0,1,2,MISSING_PENABLE
238,0,64971,1,0,1,2,MISSING_PENABLE
189,0,48759,1,0,1,2,MISSING_PENABLE
199,1,60299,1,0,1,2,MISSING_PENABLE
68,0,40774,1,0,1,2,MISSING_PENABLE
35,0,4487,1,0,1,2,MISSING_PENABLE
61,1,33110,1,0,1,2,MISSING_PENABLE
165,0,23960,1,0,1,2,MISSING_PENABLE
253,1,39523,0,1,1,3,PENABLE_BEFORE_PSEL
134,1,37567,0,1,1,3,PENABLE_BEFORE_PSEL
88,0,55244,0,1,1,3,PENABLE_BEFORE_PSEL
87,1,51333,0,1,1,3,PENABLE_BEFORE_PSEL
7,0,5058,0,1,1,3,PENABLE_BEFORE_PSEL
176,0,26660,0,1,1,3,PENABLE_BEFORE_PSEL
76,0,19582,0,1,1,3,PENABLE_BEFORE_PSEL
121,1,39684,0,1,1,3,PENABLE_BEFORE_PSEL
155,0,61419,0,1,1,3,PENABLE_BEFORE_PSEL
188,0,10627,0,1,1,3,PENABLE_BEFORE_PSEL
150,1,44140,0,1,1,3,PENABLE_BEFORE_PSEL
14,0,26738,0,1,1,3,PENABLE_BEFORE_PSEL
23,1,30469,0,1,1,3,PENABLE_BEFORE_PSEL
57,1,14945,0,1,1,3,PENABLE_BEFORE_PSEL
109,1,30684,0,1,1,3,PENABLE_BEFORE_PSEL
93,1,49267,0,1,1,3,PENABLE_BEFORE_PSEL
135,0,21698,0,1,1,3,PENABLE_BEFORE_PSEL
216,0,15106,0,1,1,3,PENABLE_BEFORE_PSEL
83,0,28614,0,1,1,3,PENABLE_BEFORE_PSEL
156,1,33133,0,1,1,3,PENABLE_BEFORE_PSEL
193,0,8465,0,1,1,3,PENABLE_BEFORE_PSEL
71,0,46719,0,1,1,3,PENABLE_BEFORE_PSEL
21,1,5424,0,1,1,3,PENABLE_BEFORE_PSEL
12,0,24513,0,1,1,3,PENABLE_BEFORE_PSEL
224,1,27320,0,1,1,3,PENABLE_BEFORE_PSEL
248,1,42777,0,1,1,3,PENABLE_BEFORE_PSEL
142,0,39907,0,1,1,3,PENABLE_BEFORE_PSEL
194,0,17861,0,1,1,3,PENABLE_BEFORE_PSEL
69,1,35958,0,1,1,3,PENABLE_BEFORE_PSEL
70,1,13648,0,1,1,3,PENABLE_BEFORE_PSEL
209,1,64296,0,1,1,3,PENABLE_BEFORE_PSEL
226,0,62802,0,1,1,3,PENABLE_BEFORE_PSEL
205,1,33604,0,1,1,3,PENABLE_BEFORE_PSEL
201,0,62877,0,1,1,3,PENABLE_BEFORE_PSEL
54,1,43591,0,1,1,3,PENABLE_BEFORE_PSEL
48,1,23965,0,1,1,3,PENABLE_BEFORE_PSEL
163,1,59847,0,1,1,3,PENABLE_BEFORE_PSEL
173,0,30928,0,1,1,3,PENABLE_BEFORE_PSEL
122,0,64263,0,1,1,3,PENABLE_BEFORE_PSEL
203,0,48316,0,1,1,3,PENABLE_BEFORE_PSEL
81,1,7039,0,1,1,3,PENABLE_BEFORE_PSEL
252,0,22661,0,1,1,3,PENABLE_BEFORE_PSEL
242,1,59644,0,1,1,3,PENABLE_BEFORE_PSEL
64,0,36924,0,1,1,3,PENABLE_BEFORE_PSEL
94,0,8729,0,1,1,3,PENABLE_BEFORE_PSEL
159,0,20297,0,1,1,3,PENABLE_BEFORE_PSEL
137,0,65426,0,1,1,3,PENABLE_BEFORE_PSEL
82,0,4103,0,1,1,3,PENABLE_BEFORE_PSEL
17,0,12931,0,1,1,3,PENABLE_BEFORE_PSEL
195,1,28203,0,1,1,3,PENABLE_BEFORE_PSEL
119,1,5417,0,1,1,3,PENABLE_BEFORE_PSEL
1,1,8555,0,1,1,3,PENABLE_BEFORE_PSEL
144,0,37320,0,1,1,3,PENABLE_BEFORE_PSEL
178,1,7010,0,1,1,3,PENABLE_BEFORE_PSEL
93,1,35165,0,1,1,3,PENABLE_BEFORE_PSEL
124,1,38043,0,1,1,3,PENABLE_BEFORE_PSEL
119,0,36472,0,1,1,3,PENABLE_BEFORE_PSEL
44,1,48562,0,1,1,3,PENABLE_BEFORE_PSEL
126,0,41938,0,1,1,3,PENABLE_BEFORE_PSEL
183,1,22081,0,1,1,3,PENABLE_BEFORE_PSEL
247,0,46972,0,1,1,3,PENABLE_BEFORE_PSEL
148,0,12518,0,1,1,3,PENABLE_BEFORE_PSEL
45,0,31154,0,1,1,3,PENABLE_BEFORE_PSEL
41,1,48460,0,1,1,3,PENABLE_BEFORE_PSEL
38,1,48474,0,1,1,3,PENABLE_BEFORE_PSEL
156,1,63891,0,1,1,3,PENABLE_BEFORE_PSEL
152,1,12070,0,1,1,3,PENABLE_BEFORE_PSEL
209,1,57192,0,1,1,3,PENABLE_BEFORE_PSEL
156,0,36590,0,1,1,3,PENABLE_BEFORE_PSEL
235,0,53948,0,1,1,3,PENABLE_BEFORE_PSEL
75,0,62651,0,1,1,3,PENABLE_BEFORE_PSEL
51,0,56078,0,1,1,3,PENABLE_BEFORE_PSEL
185,1,35707,0,1,1,3,PENABLE_BEFORE_PSEL
52,0,1628,0,1,1,3,PENABLE_BEFORE_PSEL
95,0,32353,0,1,1,3,PENABLE_BEFORE_PSEL
213,0,18781,0,1,1,3,PENABLE_BEFORE_PSEL
13,1,24362,0,1,1,3,PENABLE_BEFORE_PSEL
243,1,40425,0,1,1,3,PENABLE_BEFORE_PSEL
110,0,51665,0,1,1,3,PENABLE_BEFORE_PSEL
253,1,38821,0,1,1,3,PENABLE_BEFORE_PSEL
196,0,47921,0,1,1,3,PENABLE_BEFORE_PSEL
209,0,44113,0,1,1,3,PENABLE_BEFORE_PSEL
180,0,58118,0,1,1,3,PENABLE_BEFORE_PSEL
139,1,10151,0,1,1,3,PENABLE_BEFORE_PSEL
61,0,17009,0,1,1,3,PENABLE_BEFORE_PSEL
50,0,23503,0,1,1,3,PENABLE_BEFORE_PSEL
30,1,55329,0,1,1,3,PENABLE_BEFORE_PSEL
195,0,43514,0,1,1,3,PENABLE_BEFORE_PSEL
172,1,24525,0,1,1,3,PENABLE_BEFORE_PSEL
181,1,47439,0,1,1,3,PENABLE_BEFORE_PSEL
214,1,14705,0,1,1,3,PENABLE_BEFORE_PSEL
70,0,62521,0,1,1,3,PENABLE_BEFORE_PSEL
83,1,36673,0,1,1,3,PENABLE_BEFORE_PSEL
117,0,65229,0,1,1,3,PENABLE_BEFORE_PSEL
44,0,760,0,1,1,3,PENABLE_BEFORE_PSEL
240,0,56619,0,1,1,3,PENABLE_BEFORE_PSEL
195,0,54728,0,1,1,3,PENABLE_BEFORE_PSEL
18,0,27781,0,1,1,3,PENABLE_BEFORE_PSEL
255,0,60810,0,1,1,3,PENABLE_BEFORE_PSEL
33,1,41985,0,1,1,3,PENABLE_BEFORE_PSEL
60,1,52367,0,1,1,3,PENABLE_BEFORE_PSEL
46,0,43880,0,1,1,3,PENABLE_BEFORE_PSEL
185,1,39327,0,1,1,3,PENABLE_BEFORE_PSEL
27,1,4912,0,1,1,3,PENABLE_BEFORE_PSEL
153,1,12258,0,1,1,3,PENABLE_BEFORE_PSEL
10,1,26382,0,1,1,3,PENABLE_BEFORE_PSEL
248,0,27727,0,1,1,3,PENABLE_BEFORE_PSEL
117,0,56827,0,1,1,3,PENABLE_BEFORE_PSEL
149,1,6909,0,1,1,3,PENABLE_BEFORE_PSEL
126,0,36165,0,1,1,3,PENABLE_BEFORE_PSEL
248,0,47089,0,1,1,3,PENABLE_BEFORE_PSEL
48,0,5682,0,1,1,3,PENABLE_BEFORE_PSEL
27,1,2003,0,1,1,3,PENABLE_BEFORE_PSEL
128,0,55056,0,1,1,3,PENABLE_BEFORE_PSEL
113,1,48416,0,1,1,3,PENABLE_BEFORE_PSEL
122,1,62035,0,1,1,3,PENABLE_BEFORE_PSEL
29,0,6045,0,1,1,3,PENABLE_BEFORE_PSEL
149,1,55210,0,1,1,3,PENABLE_BEFORE_PSEL
111,0,28958,0,1,1,3,PENABLE_BEFORE_PSEL
137,1,29334,0,1,1,3,PENABLE_BEFORE_PSEL
217,0,9771,0,1,1,3,PENABLE_BEFORE_PSEL
186,1,53393,0,1,1,3,PENABLE_BEFORE_PSEL
244,1,25480,0,1,1,3,PENABLE_BEFORE_PSEL
35,1,4949,0,1,1,3,PENABLE_BEFORE_PSEL
145,0,608,0,1,1,3,PENABLE_BEFORE_PSEL
6,1,23599,0,1,1,3,PENABLE_BEFORE_PSEL
79,1,3668,0,1,1,3,PENABLE_BEFORE_PSEL
112,0,12099,0,1,1,3,PENABLE_BEFORE_PSEL
42,1,55649,0,1,1,3,PENABLE_BEFORE_PSEL
77,1,43343,0,1,1,3,PENABLE_BEFORE_PSEL
195,0,52526,0,1,1,3,PENABLE_BEFORE_PSEL
5,0,24967,0,1,1,3,PENABLE_BEFORE_PSEL
84,1,29259,0,1,1,3,PENABLE_BEFORE_PSEL
147,0,37399,0,1,1,3,PENABLE_BEFORE_PSEL
181,1,27192,0,1,1,3,PENABLE_BEFORE_PSEL
136,0,60898,0,1,1,3,PENABLE_BEFORE_PSEL
23,1,2686,0,1,1,3,PENABLE_BEFORE_PSEL
224,1,19217,0,1,1,3,PENABLE_BEFORE_PSEL
163,1,5492,0,1,1,3,PENABLE_BEFORE_PSEL
176,1,25149,0,1,1,3,PENABLE_BEFORE_PSEL
239,0,8031,0,1,1,3,PENABLE_BEFORE_PSEL
236,0,17680,0,1,1,3,PENABLE_BEFORE_PSEL
142,1,10220,0,1,1,3,PENABLE_BEFORE_PSEL
170,0,9309,0,1,1,3,PENABLE_BEFORE_PSEL
123,0,28275,0,1,1,3,PENABLE_BEFORE_PSEL
32,0,63952,0,1,1,3,PENABLE_BEFORE_PSEL
36,1,59730,0,1,1,3,PENABLE_BEFORE_PSEL
124,0,62054,0,1,1,3,PENABLE_BEFORE_PSEL
185,0,20944,0,1,1,3,PENABLE_BEFORE_PSEL
101,1,14002,0,1,1,3,PENABLE_BEFORE_PSEL
123,0,19768,0,1,1,3,PENABLE_BEFORE_PSEL
205,0,56239,0,1,1,3,PENABLE_BEFORE_PSEL
234,1,23241,0,1,1,3,PENABLE_BEFORE_PSEL
169,0,15813,0,1,1,3,PENABLE_BEFORE_PSEL
195,0,37843,0,1,1,3,PENABLE_BEFORE_PSEL
234,1,55337,0,1,1,3,PENABLE_BEFORE_PSEL
73,1,6838,0,1,1,3,PENABLE_BEFORE_PSEL
191,0,31729,0,1,1,3,PENABLE_BEFORE_PSEL
56,1,36619,0,1,1,3,PENABLE_BEFORE_PSEL
58,1,46597,0,1,1,3,PENABLE_BEFORE_PSEL
92,0,33581,0,1,1,3,PENABLE_BEFORE_PSEL
193,0,40423,0,1,1,3,PENABLE_BEFORE_PSEL
106,1,42440,0,1,1,3,PENABLE_BEFORE_PSEL
161,0,7034,0,1,1,3,PENABLE_BEFORE_PSEL
37,1,45462,0,1,1,3,PENABLE_BEFORE_PSEL
50,1,16847,0,1,1,3,PENABLE_BEFORE_PSEL
11,0,7885,0,1,1,3,PENABLE_BEFORE_PSEL
247,1,36827,0,1,1,3,PENABLE_BEFORE_PSEL
97,0,6328,0,1,1,3,PENABLE_BEFORE_PSEL
72,0,35557,0,1,1,3,PENABLE_BEFORE_PSEL
213,1,60473,0,1,1,3,PENABLE_BEFORE_PSEL
197,1,10172,0,1,1,3,PENABLE_BEFORE_PSEL
248,1,10512,0,1,1,3,PENABLE_BEFORE_PSEL
153,1,30272,0,1,1,3,PENABLE_BEFORE_PSEL
230,0,45198,0,1,1,3,PENABLE_BEFORE_PSEL
108,1,57929,0,1,1,3,PENABLE_BEFORE_PSEL
203,0,22796,0,1,1,3,PENABLE_BEFORE_PSEL
229,1,55636,0,1,1,3,PENABLE_BEFORE_PSEL
28,0,54401,0,1,1,3,PENABLE_BEFORE_PSEL
216,0,7073,0,1,1,3,PENABLE_BEFORE_PSEL
246,1,56685,0,1,1,3,PENABLE_BEFORE_PSEL
191,0,36990,0,1,1,3,PENABLE_BEFORE_PSEL
146,1,21012,0,1,1,3,PENABLE_BEFORE_PSEL
100,1,34707,0,1,1,3,PENABLE_BEFORE_PSEL
162,1,2958,0,1,1,3,PENABLE_BEFORE_PSEL
74,0,21724,0,1,1,3,PENABLE_BEFORE_PSEL
138,1,30339,0,1,1,3,PENABLE_BEFORE_PSEL
241,1,19823,0,1,1,3,PENABLE_BEFORE_PSEL
80,1,4462,0,1,1,3,PENABLE_BEFORE_PSEL
43,1,30042,0,1,1,3,PENABLE_BEFORE_PSEL
14,0,26726,0,1,1,3,PENABLE_BEFORE_PSEL
84,1,31687,0,1,1,3,PENABLE_BEFORE_PSEL
120,1,32450,0,1,1,3,PENABLE_BEFORE_PSEL
200,0,24700,0,1,1,3,PENABLE_BEFORE_PSEL
63,0,39533,0,1,1,3,PENABLE_BEFORE_PSEL
51,0,1517,0,1,1,3,PENABLE_BEFORE_PSEL
226,1,52939,0,1,1,3,PENABLE_BEFORE_PSEL
109,0,55505,0,1,1,3,PENABLE_BEFORE_PSEL
57,0,23872,0,1,1,3,PENABLE_BEFORE_PSEL
165,1,56706,0,1,1,3,PENABLE_BEFORE_PSEL
126,0,55479,0,1,1,3,PENABLE_BEFORE_PSEL
187,0,5015,0,1,1,3,PENABLE_BEFORE_PSEL
155,0,41259,0,1,1,3,PENABLE_BEFORE_PSEL
97,0,36620,0,1,1,3,PENABLE_BEFORE_PSEL
7,1,57831,0,1,1,3,PENABLE_BEFORE_PSEL
72,0,29809,0,1,1,3,PENABLE_BEFORE_PSEL
152,1,52880,0,1,1,3,PENABLE_BEFORE_PSEL
184,0,4054,0,1,1,3,PENABLE_BEFORE_PSEL
77,1,40758,0,1,1,3,PENABLE_BEFORE_PSEL
141,1,23667,0,1,1,3,PENABLE_BEFORE_PSEL
152,1,25133,0,1,1,3,PENABLE_BEFORE_PSEL
198,0,36893,0,1,1,3,PENABLE_BEFORE_PSEL
127,0,18119,0,1,1,3,PENABLE_BEFORE_PSEL
4,1,7468,0,1,1,3,PENABLE_BEFORE_PSEL
28,0,17390,0,1,1,3,PENABLE_BEFORE_PSEL
10,1,45059,0,1,1,3,PENABLE_BEFORE_PSEL
178,0,38464,0,1,1,3,PENABLE_BEFORE_PSEL
129,1,42505,0,1,1,3,PENABLE_BEFORE_PSEL
188,0,4258,0,1,1,3,PENABLE_BEFORE_PSEL
250,1,38119,0,1,1,3,PENABLE_BEFORE_PSEL
50,1,64699,0,1,1,3,PENABLE_BEFORE_PSEL
88,1,23177,0,1,1,3,PENABLE_BEFORE_PSEL
6,1,24096,0,1,1,3,PENABLE_BEFORE_PSEL
105,0,60351,0,1,1,3,PENABLE_BEFORE_PSEL
163,0,31847,0,1,1,3,PENABLE_BEFORE_PSEL
196,0,43757,0,1,1,3,PENABLE_BEFORE_PSEL
219,1,25478,0,1,1,3,PENABLE_BEFORE_PSEL
219,0,7313,0,1,1,3,PENABLE_BEFORE_PSEL
100,1,58949,0,1,1,3,PENABLE_BEFORE_PSEL
236,1,50857,0,1,1,3,PENABLE_BEFORE_PSEL
85,0,24796,0,1,1,3,PENABLE_BEFORE_PSEL
134,0,21586,0,1,1,3,PENABLE_BEFORE_PSEL
124,1,16635,0,1,1,3,PENABLE_BEFORE_PSEL
178,1,51297,0,1,1,3,PENABLE_BEFORE_PSEL
243,1,12262,0,1,1,3,PENABLE_BEFORE_PSEL
123,1,12036,0,1,1,3,PENABLE_BEFORE_PSEL
87,1,35113,0,1,1,3,PENABLE_BEFORE_PSEL
71,1,46035,0,1,1,3,PENABLE_BEFORE_PSEL
136,1,32678,0,1,1,3,PENABLE_BEFORE_PSEL
167,0,11047,0,1,1,3,PENABLE_BEFORE_PSEL
208,1,3869,0,1,1,3,PENABLE_BEFORE_PSEL
31,1,64891,0,1,1,3,PENABLE_BEFORE_PSEL
220,1,34048,0,1,1,3,PENABLE_BEFORE_PSEL
221,0,34761,0,1,1,3,PENABLE_BEFORE_PSEL
158,1,4283,0,1,1,3,PENABLE_BEFORE_PSEL
35,0,47320,0,1,1,3,PENABLE_BEFORE_PSEL
138,0,32626,0,1,1,3,PENABLE_BEFORE_PSEL
181,0,44101,0,1,1,3,PENABLE_BEFORE_PSEL
40,0,6717,0,1,1,3,PENABLE_BEFORE_PSEL
53,1,17724,0,1,1,3,PENABLE_BEFORE_PSEL
52,1,2444,1,1,0,4,WAIT_STATE_ERROR
171,0,6847,1,1,0,4,WAIT_STATE_ERROR
167,1,5647,1,1,0,4,WAIT_STATE_ERROR
62,0,27538,1,1,0,4,WAIT_STATE_ERROR
115,0,37584,1,1,0,4,WAIT_STATE_ERROR
117,0,19284,1,1,0,4,WAIT_STATE_ERROR
218,0,56853,1,1,0,4,WAIT_STATE_ERROR
15,1,58733,1,1,0,4,WAIT_STATE_ERROR
139,1,18468,1,1,0,4,WAIT_STATE_ERROR
246,1,36831,1,1,0,4,WAIT_STATE_ERROR
151,1,28395,1,1,0,4,WAIT_STATE_ERROR
155,0,28497,1,1,0,4,WAIT_STATE_ERROR
6,1,43099,1,1,0,4,WAIT_STATE_ERROR
217,1,64586,1,1,0,4,WAIT_STATE_ERROR
146,0,1369,1,1,0,4,WAIT_STATE_ERROR
208,0,29896,1,1,0,4,WAIT_STATE_ERROR
205,0,8445,1,1,0,4,WAIT_STATE_ERROR
141,0,56829,1,1,0,4,WAIT_STATE_ERROR
226,1,60176,1,1,0,4,WAIT_STATE_ERROR
225,1,15334,1,1,0,4,WAIT_STATE_ERROR
189,1,6826,1,1,0,4,WAIT_STATE_ERROR
230,0,54778,1,1,0,4,WAIT_STATE_ERROR
28,1,34249,1,1,0,4,WAIT_STATE_ERROR
251,1,37642,1,1,0,4,WAIT_STATE_ERROR
44,0,62688,1,1,0,4,WAIT_STATE_ERROR
221,0,42629,1,1,0,4,WAIT_STATE_ERROR
144,0,42051,1,1,0,4,WAIT_STATE_ERROR
75,1,2280,1,1,0,4,WAIT_STATE_ERROR
13,0,64910,1,1,0,4,WAIT_STATE_ERROR
49,1,62909,1,1,0,4,WAIT_STATE_ERROR
18,0,25144,1,1,0,4,WAIT_STATE_ERROR
3,0,37867,1,1,0,4,WAIT_STATE_ERROR
33,0,56541,1,1,0,4,WAIT_STATE_ERROR
184,0,54013,1,1,0,4,WAIT_STATE_ERROR
92,1,5263,1,1,0,4,WAIT_STATE_ERROR
83,1,25181,1,1,0,4,WAIT_STATE_ERROR
252,0,40238,1,1,0,4,WAIT_STATE_ERROR
181,1,46436,1,1,0,4,WAIT_STATE_ERROR
235,0,55567,1,1,0,4,WAIT_STATE_ERROR
51,0,2976,1,1,0,4,WAIT_STATE_ERROR
177,1,5640,1,1,0,4,WAIT_STATE_ERROR
247,0,57187,1,1,0,4,WAIT_STATE_ERROR
105,1,41211,1,1,0,4,WAIT_STATE_ERROR
216,1,4335,1,1,0,4,WAIT_STATE_ERROR
132,0,22959,1,1,0,4,WAIT_STATE_ERROR
47,1,65507,1,1,0,4,WAIT_STATE_ERROR
20,0,14793,1,1,0,4,WAIT_STATE_ERROR
50,0,45527,1,1,0,4,WAIT_STATE_ERROR
122,0,62062,1,1,0,4,WAIT_STATE_ERROR
91,1,1882,1,1,0,4,WAIT_STATE_ERROR
234,1,1562,1,1,0,4,WAIT_STATE_ERROR
225,0,11844,1,1,0,4,WAIT_STATE_ERROR
75,0,45321,1,1,0,4,WAIT_STATE_ERROR
131,1,22677,1,1,0,4,WAIT_STATE_ERROR
214,1,64432,1,1,0,4,WAIT_STATE_ERROR
85,0,61634,1,1,0,4,WAIT_STATE_ERROR
153,1,22325,1,1,0,4,WAIT_STATE_ERROR
143,1,56178,1,1,0,4,WAIT_STATE_ERROR
11,1,505,1,1,0,4,WAIT_STATE_ERROR
80,1,63139,1,1,0,4,WAIT_STATE_ERROR
175,0,44784,1,1,0,4,WAIT_STATE_ERROR
243,1,5855,1,1,0,4,WAIT_STATE_ERROR
228,1,56546,1,1,0,4,WAIT_STATE_ERROR
130,0,9893,1,1,0,4,WAIT_STATE_ERROR
224,0,57157,1,1,0,4,WAIT_STATE_ERROR
117,1,9901,1,1,0,4,WAIT_STATE_ERROR
26,1,24374,1,1,0,4,WAIT_STATE_ERROR
73,0,20198,1,1,0,4,WAIT_STATE_ERROR
27,1,6581,1,1,0,4,WAIT_STATE_ERROR
34,0,2047,1,1,0,4,WAIT_STATE_ERROR
171,1,7087,1,1,0,4,WAIT_STATE_ERROR
122,1,10013,1,1,0,4,WAIT_STATE_ERROR
178,0,25497,1,1,0,4,WAIT_STATE_ERROR
49,0,59326,1,1,0,4,WAIT_STATE_ERROR
24,0,65032,1,1,0,4,WAIT_STATE_ERROR
147,0,25636,1,1,0,4,WAIT_STATE_ERROR
98,1,194,1,1,0,4,WAIT_STATE_ERROR
248,0,42755,1,1,0,4,WAIT_STATE_ERROR
236,0,42741,1,1,0,4,WAIT_STATE_ERROR
26,0,15378,1,1,0,4,WAIT_STATE_ERROR
93,0,6852,1,1,0,4,WAIT_STATE_ERROR
199,1,41610,1,1,0,4,WAIT_STATE_ERROR
90,1,14128,1,1,0,4,WAIT_STATE_ERROR
117,0,51238,1,1,0,4,WAIT_STATE_ERROR
22,1,60767,1,1,0,4,WAIT_STATE_ERROR
8,1,6896,1,1,0,4,WAIT_STATE_ERROR
86,1,31147,1,1,0,4,WAIT_STATE_ERROR
184,0,29531,1,1,0,4,WAIT_STATE_ERROR
148,0,556,1,1,0,4,WAIT_STATE_ERROR
186,0,39520,1,1,0,4,WAIT_STATE_ERROR
134,1,4004,1,1,0,4,WAIT_STATE_ERROR
90,1,42472,1,1,0,4,WAIT_STATE_ERROR
196,1,1219,1,1,0,4,WAIT_STATE_ERROR
120,1,17080,1,1,0,4,WAIT_STATE_ERROR
67,1,122,1,1,0,4,WAIT_STATE_ERROR
103,1,54996,1,1,0,4,WAIT_STATE_ERROR
135,0,50362,1,1,0,4,WAIT_STATE_ERROR
248,0,22650,1,1,0,4,WAIT_STATE_ERROR
25,0,64487,1,1,0,4,WAIT_STATE_ERROR
39,0,10215,1,1,0,4,WAIT_STATE_ERROR
135,1,19673,1,1,0,4,WAIT_STATE_ERROR
145,1,8634,1,1,0,4,WAIT_STATE_ERROR
31,1,32812,1,1,0,4,WAIT_STATE_ERROR
147,0,2008,1,1,0,4,WAIT_STATE_ERROR
87,1,474,1,1,0,4,WAIT_STATE_ERROR
129,1,38577,1,1,0,4,WAIT_STATE_ERROR
214,0,11109,1,1,0,4,WAIT_STATE_ERROR
129,0,23204,1,1,0,4,WAIT_STATE_ERROR
238,1,31886,1,1,0,4,WAIT_STATE_ERROR
44,1,3745,1,1,0,4,WAIT_STATE_ERROR
106,0,17515,1,1,0,4,WAIT_STATE_ERROR
1,1,31950,1,1,0,4,WAIT_STATE_ERROR
91,1,52565,1,1,0,4,WAIT_STATE_ERROR
149,0,6677,1,1,0,4,WAIT_STATE_ERROR
231,1,53322,1,1,0,4,WAIT_STATE_ERROR
253,0,40307,1,1,0,4,WAIT_STATE_ERROR
70,0,40674,1,1,0,4,WAIT_STATE_ERROR
131,0,31558,1,1,0,4,WAIT_STATE_ERROR
56,0,11648,1,1,0,4,WAIT_STATE_ERROR
9,1,17637,1,1,0,4,WAIT_STATE_ERROR
82,1,4436,1,1,0,4,WAIT_STATE_ERROR
122,0,31866,1,1,0,4,WAIT_STATE_ERROR
109,0,37843,1,1,0,4,WAIT_STATE_ERROR
241,0,24158,1,1,0,4,WAIT_STATE_ERROR
132,0,42513,1,1,0,4,WAIT_STATE_ERROR
62,1,10371,1,1,0,4,WAIT_STATE_ERROR
147,1,11522,1,1,0,4,WAIT_STATE_ERROR
93,1,33753,1,1,0,4,WAIT_STATE_ERROR
119,0,3762,1,1,0,4,WAIT_STATE_ERROR
200,1,42373,1,1,0,4,WAIT_STATE_ERROR
92,1,57990,1,1,0,4,WAIT_STATE_ERROR
86,1,35653,1,1,0,4,WAIT_STATE_ERROR
30,0,44745,1,1,0,4,WAIT_STATE_ERROR
188,1,39958,1,1,0,4,WAIT_STATE_ERROR
248,1,57678,1,1,0,4,WAIT_STATE_ERROR
55,0,65114,1,1,0,4,WAIT_STATE_ERROR
140,1,38157,1,1,0,4,WAIT_STATE_ERROR
244,1,62842,1,1,0,4,WAIT_STATE_ERROR
212,0,34088,1,1,0,4,WAIT_STATE_ERROR
52,0,31468,1,1,0,4,WAIT_STATE_ERROR
213,1,2664,1,1,0,4,WAIT_STATE_ERROR
212,0,27225,1,1,0,4,WAIT_STATE_ERROR
69,0,49620,1,1,0,4,WAIT_STATE_ERROR
193,0,3653,1,1,0,4,WAIT_STATE_ERROR
125,0,35682,1,1,0,4,WAIT_STATE_ERROR
40,1,8541,1,1,0,4,WAIT_STATE_ERROR
230,0,15495,1,1,0,4,WAIT_STATE_ERROR
250,0,54131,1,1,0,4,WAIT_STATE_ERROR
199,1,40647,1,1,0,4,WAIT_STATE_ERROR
160,0,56449,1,1,0,4,WAIT_STATE_ERROR
184,1,19033,1,1,0,4,WAIT_STATE_ERROR
201,0,19945,1,1,0,4,WAIT_STATE_ERROR
75,0,51394,1,1,0,4,WAIT_STATE_ERROR
147,1,41802,1,1,0,4,WAIT_STATE_ERROR
45,1,41855,1,1,0,4,WAIT_STATE_ERROR
6,0,50897,1,1,0,4,WAIT_STATE_ERROR
47,0,31696,1,1,0,4,WAIT_STATE_ERROR
41,0,35586,1,1,0,4,WAIT_STATE_ERROR
90,0,20274,1,1,0,4,WAIT_STATE_ERROR
117,0,43562,1,1,0,4,WAIT_STATE_ERROR
251,0,10342,1,1,0,4,WAIT_STATE_ERROR
100,1,19747,1,1,0,4,WAIT_STATE_ERROR
223,0,41787,1,1,0,4,WAIT_STATE_ERROR
169,0,45295,1,1,0,4,WAIT_STATE_ERROR
8,1,35785,1,1,0,4,WAIT_STATE_ERROR
21,0,40220,1,1,0,4,WAIT_STATE_ERROR
144,0,9985,1,1,0,4,WAIT_STATE_ERROR
236,1,15855,1,1,0,4,WAIT_STATE_ERROR
234,1,9675,1,1,0,4,WAIT_STATE_ERROR
110,1,31092,1,1,0,4,WAIT_STATE_ERROR
243,0,29235,1,1,0,4,WAIT_STATE_ERROR
196,1,64526,1,1,0,4,WAIT_STATE_ERROR
205,0,55407,1,1,0,4,WAIT_STATE_ERROR
237,0,38289,1,1,0,4,WAIT_STATE_ERROR
31,0,33291,1,1,0,4,WAIT_STATE_ERROR
187,1,4654,1,1,0,4,WAIT_STATE_ERROR
170,1,7595,1,1,0,4,WAIT_STATE_ERROR
137,1,34217,1,1,0,4,WAIT_STATE_ERROR
73,1,18099,1,1,0,4,WAIT_STATE_ERROR
85,0,33275,1,1,0,4,WAIT_STATE_ERROR
59,0,62852,1,1,0,4,WAIT_STATE_ERROR
159,0,23593,1,1,0,4,WAIT_STATE_ERROR
175,0,47764,1,1,0,4,WAIT_STATE_ERROR
54,0,61704,1,1,0,4,WAIT_STATE_ERROR
215,0,40019,1,1,0,4,WAIT_STATE_ERROR
25,0,39197,1,1,0,4,WAIT_STATE_ERROR
128,0,1420,1,1,0,4,WAIT_STATE_ERROR
118,1,47372,1,1,0,4,WAIT_STATE_ERROR
34,0,6259,1,1,0,4,WAIT_STATE_ERROR
115,0,41246,1,1,0,4,WAIT_STATE_ERROR
212,1,53285,1,1,0,4,WAIT_STATE_ERROR
181,0,30197,1,1,0,4,WAIT_STATE_ERROR
94,0,19197,1,1,0,4,WAIT_STATE_ERROR
94,1,38757,1,1,0,4,WAIT_STATE_ERROR
38,0,11816,1,1,0,4,WAIT_STATE_ERROR
57,1,1174,1,1,0,4,WAIT_STATE_ERROR
21,0,23251,1,1,0,4,WAIT_STATE_ERROR
36,0,52393,1,1,0,4,WAIT_STATE_ERROR
12,1,20795,1,1,0,4,WAIT_STATE_ERROR
98,0,10634,1,1,0,4,WAIT_STATE_ERROR
224,0,27890,1,1,0,4,WAIT_STATE_ERROR
221,0,25679,1,1,0,4,WAIT_STATE_ERROR
99,0,50226,1,1,0,4,WAIT_STATE_ERROR
63,1,63042,1,1,0,4,WAIT_STATE_ERROR
223,1,15298,1,1,0,4,WAIT_STATE_ERROR
209,0,40210,1,1,0,4,WAIT_STATE_ERROR
14,0,10265,1,1,0,4,WAIT_STATE_ERROR
149,0,63669,1,1,0,4,WAIT_STATE_ERROR
110,0,1011,1,1,0,4,WAIT_STATE_ERROR
45,0,2342,1,1,0,4,WAIT_STATE_ERROR
111,0,49968,1,1,0,4,WAIT_STATE_ERROR
13,0,56111,1,1,0,4,WAIT_STATE_ERROR
17,1,19301,1,1,0,4,WAIT_STATE_ERROR
161,1,3745,1,1,0,4,WAIT_STATE_ERROR
238,0,4527,1,1,0,4,WAIT_STATE_ERROR
99,1,41501,1,1,0,4,WAIT_STATE_ERROR
200,1,1018,1,1,0,4,WAIT_STATE_ERROR
133,0,13319,1,1,0,4,WAIT_STATE_ERROR
188,0,28883,1,1,0,4,WAIT_STATE_ERROR
185,0,40750,1,1,0,4,WAIT_STATE_ERROR
54,0,1519,1,1,0,4,WAIT_STATE_ERROR
95,0,34475,1,1,0,4,WAIT_STATE_ERROR
75,1,32222,1,1,0,4,WAIT_STATE_ERROR
80,1,43761,1,1,0,4,WAIT_STATE_ERROR
113,0,34083,1,1,0,4,WAIT_STATE_ERROR
164,0,41674,1,1,0,4,WAIT_STATE_ERROR
111,0,56703,1,1,0,4,WAIT_STATE_ERROR
17,1,18346,1,1,0,4,WAIT_STATE_ERROR
21,1,39598,1,1,0,4,WAIT_STATE_ERROR
5,0,37377,1,1,0,4,WAIT_STATE_ERROR
235,0,20408,1,1,0,4,WAIT_STATE_ERROR
219,0,21685,1,1,0,4,WAIT_STATE_ERROR
8,0,26954,1,1,0,4,WAIT_STATE_ERROR
61,1,46113,1,1,0,4,WAIT_STATE_ERROR
171,1,9341,1,1,0,4,WAIT_STATE_ERROR
67,1,38613,1,1,0,4,WAIT_STATE_ERROR
179,0,23112,1,1,0,4,WAIT_STATE_ERROR
96,1,65431,1,1,0,4,WAIT_STATE_ERROR
249,1,29400,1,1,0,4,WAIT_STATE_ERROR
33,1,35945,1,1,0,4,WAIT_STATE_ERROR
182,0,15222,1,1,0,4,WAIT_STATE_ERROR
171,1,62486,1,1,0,4,WAIT_STATE_ERROR
155,0,32982,1,1,0,4,WAIT_STATE_ERROR
86,0,22916,1,1,0,4,WAIT_STATE_ERROR
174,0,55705,1,1,0,4,WAIT_STATE_ERROR
226,1,62300,1,1,0,4,WAIT_STATE_ERROR
155,0,62686,1,1,0,4,WAIT_STATE_ERROR
191,0,4369,1,1,0,4,WAIT_STATE_ERROR
231,0,33371,1,1,0,4,WAIT_STATE_ERROR
253,1,33124,1,1,0,4,WAIT_STATE_ERROR
